[2026-05-30T07:08:42.053+0000] {processor.py:161} INFO - Started process (PID=173) to work on /opt/airflow/dags/dag_pipeline.py
[2026-05-30T07:08:42.056+0000] {processor.py:830} INFO - Processing file /opt/airflow/dags/dag_pipeline.py for tasks to queue
[2026-05-30T07:08:42.061+0000] {logging_mixin.py:188} INFO - [2026-05-30T07:08:42.061+0000] {dagbag.py:545} INFO - Filling up the DagBag from /opt/airflow/dags/dag_pipeline.py
[2026-05-30T07:08:42.203+0000] {processor.py:840} INFO - DAG(s) 'lyonflow_traffic_pipeline' retrieved from /opt/airflow/dags/dag_pipeline.py
[2026-05-30T07:08:42.421+0000] {logging_mixin.py:188} INFO - [2026-05-30T07:08:42.418+0000] {dag.py:3096} INFO - Sync 1 DAGs
[2026-05-30T07:08:42.636+0000] {processor.py:183} INFO - Processing /opt/airflow/dags/dag_pipeline.py took 0.614 seconds
[2026-05-30T07:09:12.819+0000] {processor.py:161} INFO - Started process (PID=180) to work on /opt/airflow/dags/dag_pipeline.py
[2026-05-30T07:09:12.821+0000] {processor.py:830} INFO - Processing file /opt/airflow/dags/dag_pipeline.py for tasks to queue
[2026-05-30T07:09:12.827+0000] {logging_mixin.py:188} INFO - [2026-05-30T07:09:12.826+0000] {dagbag.py:545} INFO - Filling up the DagBag from /opt/airflow/dags/dag_pipeline.py
[2026-05-30T07:09:12.904+0000] {processor.py:840} INFO - DAG(s) 'lyonflow_traffic_pipeline' retrieved from /opt/airflow/dags/dag_pipeline.py
[2026-05-30T07:09:12.990+0000] {logging_mixin.py:188} INFO - [2026-05-30T07:09:12.990+0000] {dag.py:3096} INFO - Sync 1 DAGs
[2026-05-30T07:09:13.200+0000] {processor.py:183} INFO - Processing /opt/airflow/dags/dag_pipeline.py took 0.393 seconds
[2026-05-30T07:09:43.440+0000] {processor.py:161} INFO - Started process (PID=185) to work on /opt/airflow/dags/dag_pipeline.py
[2026-05-30T07:09:43.442+0000] {processor.py:830} INFO - Processing file /opt/airflow/dags/dag_pipeline.py for tasks to queue
[2026-05-30T07:09:43.444+0000] {logging_mixin.py:188} INFO - [2026-05-30T07:09:43.444+0000] {dagbag.py:545} INFO - Filling up the DagBag from /opt/airflow/dags/dag_pipeline.py
[2026-05-30T07:09:43.518+0000] {processor.py:840} INFO - DAG(s) 'lyonflow_traffic_pipeline' retrieved from /opt/airflow/dags/dag_pipeline.py
[2026-05-30T07:09:43.626+0000] {logging_mixin.py:188} INFO - [2026-05-30T07:09:43.625+0000] {dag.py:3096} INFO - Sync 1 DAGs
[2026-05-30T07:09:43.787+0000] {processor.py:183} INFO - Processing /opt/airflow/dags/dag_pipeline.py took 0.358 seconds
[2026-05-30T07:10:14.118+0000] {processor.py:161} INFO - Started process (PID=190) to work on /opt/airflow/dags/dag_pipeline.py
[2026-05-30T07:10:14.120+0000] {processor.py:830} INFO - Processing file /opt/airflow/dags/dag_pipeline.py for tasks to queue
[2026-05-30T07:10:14.124+0000] {logging_mixin.py:188} INFO - [2026-05-30T07:10:14.124+0000] {dagbag.py:545} INFO - Filling up the DagBag from /opt/airflow/dags/dag_pipeline.py
[2026-05-30T07:10:14.192+0000] {processor.py:840} INFO - DAG(s) 'lyonflow_traffic_pipeline' retrieved from /opt/airflow/dags/dag_pipeline.py
[2026-05-30T07:10:14.243+0000] {logging_mixin.py:188} INFO - [2026-05-30T07:10:14.242+0000] {dag.py:3096} INFO - Sync 1 DAGs
[2026-05-30T07:10:14.342+0000] {processor.py:183} INFO - Processing /opt/airflow/dags/dag_pipeline.py took 0.232 seconds
[2026-05-30T07:10:44.630+0000] {processor.py:161} INFO - Started process (PID=195) to work on /opt/airflow/dags/dag_pipeline.py
[2026-05-30T07:10:44.633+0000] {processor.py:830} INFO - Processing file /opt/airflow/dags/dag_pipeline.py for tasks to queue
[2026-05-30T07:10:44.644+0000] {logging_mixin.py:188} INFO - [2026-05-30T07:10:44.643+0000] {dagbag.py:545} INFO - Filling up the DagBag from /opt/airflow/dags/dag_pipeline.py
[2026-05-30T07:10:44.686+0000] {processor.py:840} INFO - DAG(s) 'lyonflow_traffic_pipeline' retrieved from /opt/airflow/dags/dag_pipeline.py
[2026-05-30T07:10:44.775+0000] {logging_mixin.py:188} INFO - [2026-05-30T07:10:44.775+0000] {dag.py:3096} INFO - Sync 1 DAGs
[2026-05-30T07:10:44.933+0000] {processor.py:183} INFO - Processing /opt/airflow/dags/dag_pipeline.py took 0.328 seconds
[2026-05-30T07:11:15.185+0000] {processor.py:161} INFO - Started process (PID=200) to work on /opt/airflow/dags/dag_pipeline.py
[2026-05-30T07:11:15.186+0000] {processor.py:830} INFO - Processing file /opt/airflow/dags/dag_pipeline.py for tasks to queue
[2026-05-30T07:11:15.189+0000] {logging_mixin.py:188} INFO - [2026-05-30T07:11:15.188+0000] {dagbag.py:545} INFO - Filling up the DagBag from /opt/airflow/dags/dag_pipeline.py
[2026-05-30T07:11:15.218+0000] {processor.py:840} INFO - DAG(s) 'lyonflow_traffic_pipeline' retrieved from /opt/airflow/dags/dag_pipeline.py
[2026-05-30T07:11:15.356+0000] {logging_mixin.py:188} INFO - [2026-05-30T07:11:15.355+0000] {dag.py:3096} INFO - Sync 1 DAGs
[2026-05-30T07:11:15.457+0000] {processor.py:183} INFO - Processing /opt/airflow/dags/dag_pipeline.py took 0.286 seconds
[2026-05-30T07:11:45.691+0000] {processor.py:161} INFO - Started process (PID=210) to work on /opt/airflow/dags/dag_pipeline.py
[2026-05-30T07:11:45.694+0000] {processor.py:830} INFO - Processing file /opt/airflow/dags/dag_pipeline.py for tasks to queue
[2026-05-30T07:11:45.697+0000] {logging_mixin.py:188} INFO - [2026-05-30T07:11:45.696+0000] {dagbag.py:545} INFO - Filling up the DagBag from /opt/airflow/dags/dag_pipeline.py
[2026-05-30T07:11:45.720+0000] {processor.py:840} INFO - DAG(s) 'lyonflow_traffic_pipeline' retrieved from /opt/airflow/dags/dag_pipeline.py
[2026-05-30T07:11:45.759+0000] {logging_mixin.py:188} INFO - [2026-05-30T07:11:45.759+0000] {dag.py:3096} INFO - Sync 1 DAGs
[2026-05-30T07:11:45.811+0000] {processor.py:183} INFO - Processing /opt/airflow/dags/dag_pipeline.py took 0.131 seconds
[2026-05-30T07:12:15.878+0000] {processor.py:161} INFO - Started process (PID=215) to work on /opt/airflow/dags/dag_pipeline.py
[2026-05-30T07:12:15.879+0000] {processor.py:830} INFO - Processing file /opt/airflow/dags/dag_pipeline.py for tasks to queue
[2026-05-30T07:12:15.882+0000] {logging_mixin.py:188} INFO - [2026-05-30T07:12:15.881+0000] {dagbag.py:545} INFO - Filling up the DagBag from /opt/airflow/dags/dag_pipeline.py
[2026-05-30T07:12:15.902+0000] {processor.py:840} INFO - DAG(s) 'lyonflow_traffic_pipeline' retrieved from /opt/airflow/dags/dag_pipeline.py
[2026-05-30T07:12:15.936+0000] {logging_mixin.py:188} INFO - [2026-05-30T07:12:15.935+0000] {dag.py:3096} INFO - Sync 1 DAGs
[2026-05-30T07:12:15.982+0000] {processor.py:183} INFO - Processing /opt/airflow/dags/dag_pipeline.py took 0.111 seconds
[2026-05-30T07:12:46.095+0000] {processor.py:161} INFO - Started process (PID=220) to work on /opt/airflow/dags/dag_pipeline.py
[2026-05-30T07:12:46.096+0000] {processor.py:830} INFO - Processing file /opt/airflow/dags/dag_pipeline.py for tasks to queue
[2026-05-30T07:12:46.099+0000] {logging_mixin.py:188} INFO - [2026-05-30T07:12:46.098+0000] {dagbag.py:545} INFO - Filling up the DagBag from /opt/airflow/dags/dag_pipeline.py
[2026-05-30T07:12:46.118+0000] {processor.py:840} INFO - DAG(s) 'lyonflow_traffic_pipeline' retrieved from /opt/airflow/dags/dag_pipeline.py
[2026-05-30T07:12:46.154+0000] {logging_mixin.py:188} INFO - [2026-05-30T07:12:46.153+0000] {dag.py:3096} INFO - Sync 1 DAGs
[2026-05-30T07:12:46.196+0000] {processor.py:183} INFO - Processing /opt/airflow/dags/dag_pipeline.py took 0.108 seconds
[2026-05-30T07:13:16.470+0000] {processor.py:161} INFO - Started process (PID=225) to work on /opt/airflow/dags/dag_pipeline.py
[2026-05-30T07:13:16.472+0000] {processor.py:830} INFO - Processing file /opt/airflow/dags/dag_pipeline.py for tasks to queue
[2026-05-30T07:13:16.479+0000] {logging_mixin.py:188} INFO - [2026-05-30T07:13:16.478+0000] {dagbag.py:545} INFO - Filling up the DagBag from /opt/airflow/dags/dag_pipeline.py
[2026-05-30T07:13:16.544+0000] {processor.py:840} INFO - DAG(s) 'lyonflow_traffic_pipeline' retrieved from /opt/airflow/dags/dag_pipeline.py
[2026-05-30T07:13:16.623+0000] {logging_mixin.py:188} INFO - [2026-05-30T07:13:16.622+0000] {dag.py:3096} INFO - Sync 1 DAGs
[2026-05-30T07:13:16.740+0000] {processor.py:183} INFO - Processing /opt/airflow/dags/dag_pipeline.py took 0.284 seconds
[2026-05-30T07:13:46.970+0000] {processor.py:161} INFO - Started process (PID=230) to work on /opt/airflow/dags/dag_pipeline.py
[2026-05-30T07:13:46.971+0000] {processor.py:830} INFO - Processing file /opt/airflow/dags/dag_pipeline.py for tasks to queue
[2026-05-30T07:13:46.974+0000] {logging_mixin.py:188} INFO - [2026-05-30T07:13:46.974+0000] {dagbag.py:545} INFO - Filling up the DagBag from /opt/airflow/dags/dag_pipeline.py
[2026-05-30T07:13:46.998+0000] {processor.py:840} INFO - DAG(s) 'lyonflow_traffic_pipeline' retrieved from /opt/airflow/dags/dag_pipeline.py
[2026-05-30T07:13:47.032+0000] {logging_mixin.py:188} INFO - [2026-05-30T07:13:47.032+0000] {dag.py:3096} INFO - Sync 1 DAGs
[2026-05-30T07:13:47.067+0000] {logging_mixin.py:188} INFO - [2026-05-30T07:13:47.066+0000] {dag.py:3954} INFO - Setting next_dagrun for lyonflow_traffic_pipeline to 2026-05-30 07:10:00+00:00, run_after=2026-05-30 07:15:00+00:00
[2026-05-30T07:13:47.090+0000] {processor.py:183} INFO - Processing /opt/airflow/dags/dag_pipeline.py took 0.128 seconds
[2026-05-30T07:14:17.179+0000] {processor.py:161} INFO - Started process (PID=235) to work on /opt/airflow/dags/dag_pipeline.py
[2026-05-30T07:14:17.180+0000] {processor.py:830} INFO - Processing file /opt/airflow/dags/dag_pipeline.py for tasks to queue
[2026-05-30T07:14:17.183+0000] {logging_mixin.py:188} INFO - [2026-05-30T07:14:17.182+0000] {dagbag.py:545} INFO - Filling up the DagBag from /opt/airflow/dags/dag_pipeline.py
[2026-05-30T07:14:17.213+0000] {processor.py:840} INFO - DAG(s) 'lyonflow_traffic_pipeline' retrieved from /opt/airflow/dags/dag_pipeline.py
[2026-05-30T07:14:17.262+0000] {logging_mixin.py:188} INFO - [2026-05-30T07:14:17.262+0000] {dag.py:3096} INFO - Sync 1 DAGs
[2026-05-30T07:14:17.319+0000] {logging_mixin.py:188} INFO - [2026-05-30T07:14:17.318+0000] {dag.py:3954} INFO - Setting next_dagrun for lyonflow_traffic_pipeline to 2026-05-30 07:10:00+00:00, run_after=2026-05-30 07:15:00+00:00
[2026-05-30T07:14:17.360+0000] {processor.py:183} INFO - Processing /opt/airflow/dags/dag_pipeline.py took 0.190 seconds
[2026-05-30T07:14:47.490+0000] {processor.py:161} INFO - Started process (PID=240) to work on /opt/airflow/dags/dag_pipeline.py
[2026-05-30T07:14:47.491+0000] {processor.py:830} INFO - Processing file /opt/airflow/dags/dag_pipeline.py for tasks to queue
[2026-05-30T07:14:47.493+0000] {logging_mixin.py:188} INFO - [2026-05-30T07:14:47.493+0000] {dagbag.py:545} INFO - Filling up the DagBag from /opt/airflow/dags/dag_pipeline.py
[2026-05-30T07:14:47.518+0000] {processor.py:840} INFO - DAG(s) 'lyonflow_traffic_pipeline' retrieved from /opt/airflow/dags/dag_pipeline.py
[2026-05-30T07:14:47.555+0000] {logging_mixin.py:188} INFO - [2026-05-30T07:14:47.555+0000] {dag.py:3096} INFO - Sync 1 DAGs
[2026-05-30T07:14:47.589+0000] {logging_mixin.py:188} INFO - [2026-05-30T07:14:47.589+0000] {dag.py:3954} INFO - Setting next_dagrun for lyonflow_traffic_pipeline to 2026-05-30 07:10:00+00:00, run_after=2026-05-30 07:15:00+00:00
[2026-05-30T07:14:47.616+0000] {processor.py:183} INFO - Processing /opt/airflow/dags/dag_pipeline.py took 0.134 seconds
[2026-05-30T07:15:17.764+0000] {processor.py:161} INFO - Started process (PID=250) to work on /opt/airflow/dags/dag_pipeline.py
[2026-05-30T07:15:17.765+0000] {processor.py:830} INFO - Processing file /opt/airflow/dags/dag_pipeline.py for tasks to queue
[2026-05-30T07:15:17.767+0000] {logging_mixin.py:188} INFO - [2026-05-30T07:15:17.766+0000] {dagbag.py:545} INFO - Filling up the DagBag from /opt/airflow/dags/dag_pipeline.py
[2026-05-30T07:15:17.789+0000] {processor.py:840} INFO - DAG(s) 'lyonflow_traffic_pipeline' retrieved from /opt/airflow/dags/dag_pipeline.py
[2026-05-30T07:15:17.831+0000] {logging_mixin.py:188} INFO - [2026-05-30T07:15:17.831+0000] {dag.py:3096} INFO - Sync 1 DAGs
[2026-05-30T07:15:17.891+0000] {processor.py:183} INFO - Processing /opt/airflow/dags/dag_pipeline.py took 0.135 seconds
[2026-05-30T07:15:48.026+0000] {processor.py:161} INFO - Started process (PID=255) to work on /opt/airflow/dags/dag_pipeline.py
[2026-05-30T07:15:48.027+0000] {processor.py:830} INFO - Processing file /opt/airflow/dags/dag_pipeline.py for tasks to queue
[2026-05-30T07:15:48.030+0000] {logging_mixin.py:188} INFO - [2026-05-30T07:15:48.029+0000] {dagbag.py:545} INFO - Filling up the DagBag from /opt/airflow/dags/dag_pipeline.py
[2026-05-30T07:15:48.054+0000] {processor.py:840} INFO - DAG(s) 'lyonflow_traffic_pipeline' retrieved from /opt/airflow/dags/dag_pipeline.py
[2026-05-30T07:15:48.103+0000] {logging_mixin.py:188} INFO - [2026-05-30T07:15:48.103+0000] {dag.py:3096} INFO - Sync 1 DAGs
[2026-05-30T07:15:48.159+0000] {processor.py:183} INFO - Processing /opt/airflow/dags/dag_pipeline.py took 0.140 seconds
[2026-05-30T07:16:18.324+0000] {processor.py:161} INFO - Started process (PID=260) to work on /opt/airflow/dags/dag_pipeline.py
[2026-05-30T07:16:18.325+0000] {processor.py:830} INFO - Processing file /opt/airflow/dags/dag_pipeline.py for tasks to queue
[2026-05-30T07:16:18.327+0000] {logging_mixin.py:188} INFO - [2026-05-30T07:16:18.327+0000] {dagbag.py:545} INFO - Filling up the DagBag from /opt/airflow/dags/dag_pipeline.py
[2026-05-30T07:16:18.352+0000] {processor.py:840} INFO - DAG(s) 'lyonflow_traffic_pipeline' retrieved from /opt/airflow/dags/dag_pipeline.py
[2026-05-30T07:16:18.388+0000] {logging_mixin.py:188} INFO - [2026-05-30T07:16:18.388+0000] {dag.py:3096} INFO - Sync 1 DAGs
[2026-05-30T07:16:18.440+0000] {processor.py:183} INFO - Processing /opt/airflow/dags/dag_pipeline.py took 0.124 seconds
[2026-05-30T07:16:48.599+0000] {processor.py:161} INFO - Started process (PID=265) to work on /opt/airflow/dags/dag_pipeline.py
[2026-05-30T07:16:48.601+0000] {processor.py:830} INFO - Processing file /opt/airflow/dags/dag_pipeline.py for tasks to queue
[2026-05-30T07:16:48.605+0000] {logging_mixin.py:188} INFO - [2026-05-30T07:16:48.604+0000] {dagbag.py:545} INFO - Filling up the DagBag from /opt/airflow/dags/dag_pipeline.py
[2026-05-30T07:16:48.654+0000] {processor.py:840} INFO - DAG(s) 'lyonflow_traffic_pipeline' retrieved from /opt/airflow/dags/dag_pipeline.py
[2026-05-30T07:16:48.716+0000] {logging_mixin.py:188} INFO - [2026-05-30T07:16:48.715+0000] {dag.py:3096} INFO - Sync 1 DAGs
[2026-05-30T07:16:48.790+0000] {processor.py:183} INFO - Processing /opt/airflow/dags/dag_pipeline.py took 0.207 seconds
[2026-05-30T07:17:18.875+0000] {processor.py:161} INFO - Started process (PID=270) to work on /opt/airflow/dags/dag_pipeline.py
[2026-05-30T07:17:18.876+0000] {processor.py:830} INFO - Processing file /opt/airflow/dags/dag_pipeline.py for tasks to queue
[2026-05-30T07:17:18.879+0000] {logging_mixin.py:188} INFO - [2026-05-30T07:17:18.878+0000] {dagbag.py:545} INFO - Filling up the DagBag from /opt/airflow/dags/dag_pipeline.py
[2026-05-30T07:17:18.901+0000] {processor.py:840} INFO - DAG(s) 'lyonflow_traffic_pipeline' retrieved from /opt/airflow/dags/dag_pipeline.py
[2026-05-30T07:17:18.941+0000] {logging_mixin.py:188} INFO - [2026-05-30T07:17:18.940+0000] {dag.py:3096} INFO - Sync 1 DAGs
[2026-05-30T07:17:18.970+0000] {logging_mixin.py:188} INFO - [2026-05-30T07:17:18.970+0000] {dag.py:3954} INFO - Setting next_dagrun for lyonflow_traffic_pipeline to 2026-05-30 07:15:00+00:00, run_after=2026-05-30 07:20:00+00:00
[2026-05-30T07:17:18.995+0000] {processor.py:183} INFO - Processing /opt/airflow/dags/dag_pipeline.py took 0.132 seconds
[2026-05-30T07:17:49.223+0000] {processor.py:161} INFO - Started process (PID=275) to work on /opt/airflow/dags/dag_pipeline.py
[2026-05-30T07:17:49.225+0000] {processor.py:830} INFO - Processing file /opt/airflow/dags/dag_pipeline.py for tasks to queue
[2026-05-30T07:17:49.228+0000] {logging_mixin.py:188} INFO - [2026-05-30T07:17:49.227+0000] {dagbag.py:545} INFO - Filling up the DagBag from /opt/airflow/dags/dag_pipeline.py
[2026-05-30T07:17:49.250+0000] {processor.py:840} INFO - DAG(s) 'lyonflow_traffic_pipeline' retrieved from /opt/airflow/dags/dag_pipeline.py
[2026-05-30T07:17:49.286+0000] {logging_mixin.py:188} INFO - [2026-05-30T07:17:49.286+0000] {dag.py:3096} INFO - Sync 1 DAGs
[2026-05-30T07:17:49.315+0000] {logging_mixin.py:188} INFO - [2026-05-30T07:17:49.315+0000] {dag.py:3954} INFO - Setting next_dagrun for lyonflow_traffic_pipeline to 2026-05-30 07:15:00+00:00, run_after=2026-05-30 07:20:00+00:00
[2026-05-30T07:17:49.340+0000] {processor.py:183} INFO - Processing /opt/airflow/dags/dag_pipeline.py took 0.125 seconds
[2026-05-30T07:18:19.442+0000] {processor.py:161} INFO - Started process (PID=280) to work on /opt/airflow/dags/dag_pipeline.py
[2026-05-30T07:18:19.443+0000] {processor.py:830} INFO - Processing file /opt/airflow/dags/dag_pipeline.py for tasks to queue
[2026-05-30T07:18:19.445+0000] {logging_mixin.py:188} INFO - [2026-05-30T07:18:19.445+0000] {dagbag.py:545} INFO - Filling up the DagBag from /opt/airflow/dags/dag_pipeline.py
[2026-05-30T07:18:19.473+0000] {processor.py:840} INFO - DAG(s) 'lyonflow_traffic_pipeline' retrieved from /opt/airflow/dags/dag_pipeline.py
[2026-05-30T07:18:19.523+0000] {logging_mixin.py:188} INFO - [2026-05-30T07:18:19.522+0000] {dag.py:3096} INFO - Sync 1 DAGs
[2026-05-30T07:18:19.563+0000] {logging_mixin.py:188} INFO - [2026-05-30T07:18:19.563+0000] {dag.py:3954} INFO - Setting next_dagrun for lyonflow_traffic_pipeline to 2026-05-30 07:15:00+00:00, run_after=2026-05-30 07:20:00+00:00
[2026-05-30T07:18:19.596+0000] {processor.py:183} INFO - Processing /opt/airflow/dags/dag_pipeline.py took 0.166 seconds
[2026-05-30T07:18:49.821+0000] {processor.py:161} INFO - Started process (PID=285) to work on /opt/airflow/dags/dag_pipeline.py
[2026-05-30T07:18:49.822+0000] {processor.py:830} INFO - Processing file /opt/airflow/dags/dag_pipeline.py for tasks to queue
[2026-05-30T07:18:49.824+0000] {logging_mixin.py:188} INFO - [2026-05-30T07:18:49.824+0000] {dagbag.py:545} INFO - Filling up the DagBag from /opt/airflow/dags/dag_pipeline.py
[2026-05-30T07:18:49.847+0000] {processor.py:840} INFO - DAG(s) 'lyonflow_traffic_pipeline' retrieved from /opt/airflow/dags/dag_pipeline.py
[2026-05-30T07:18:49.888+0000] {logging_mixin.py:188} INFO - [2026-05-30T07:18:49.887+0000] {dag.py:3096} INFO - Sync 1 DAGs
[2026-05-30T07:18:49.917+0000] {logging_mixin.py:188} INFO - [2026-05-30T07:18:49.916+0000] {dag.py:3954} INFO - Setting next_dagrun for lyonflow_traffic_pipeline to 2026-05-30 07:15:00+00:00, run_after=2026-05-30 07:20:00+00:00
[2026-05-30T07:18:49.941+0000] {processor.py:183} INFO - Processing /opt/airflow/dags/dag_pipeline.py took 0.127 seconds
[2026-05-30T07:19:20.035+0000] {processor.py:161} INFO - Started process (PID=290) to work on /opt/airflow/dags/dag_pipeline.py
[2026-05-30T07:19:20.036+0000] {processor.py:830} INFO - Processing file /opt/airflow/dags/dag_pipeline.py for tasks to queue
[2026-05-30T07:19:20.039+0000] {logging_mixin.py:188} INFO - [2026-05-30T07:19:20.039+0000] {dagbag.py:545} INFO - Filling up the DagBag from /opt/airflow/dags/dag_pipeline.py
[2026-05-30T07:19:20.061+0000] {processor.py:840} INFO - DAG(s) 'lyonflow_traffic_pipeline' retrieved from /opt/airflow/dags/dag_pipeline.py
[2026-05-30T07:19:20.097+0000] {logging_mixin.py:188} INFO - [2026-05-30T07:19:20.096+0000] {dag.py:3096} INFO - Sync 1 DAGs
[2026-05-30T07:19:20.121+0000] {logging_mixin.py:188} INFO - [2026-05-30T07:19:20.121+0000] {dag.py:3954} INFO - Setting next_dagrun for lyonflow_traffic_pipeline to 2026-05-30 07:15:00+00:00, run_after=2026-05-30 07:20:00+00:00
[2026-05-30T07:19:20.143+0000] {processor.py:183} INFO - Processing /opt/airflow/dags/dag_pipeline.py took 0.116 seconds
[2026-05-30T07:19:50.354+0000] {processor.py:161} INFO - Started process (PID=295) to work on /opt/airflow/dags/dag_pipeline.py
[2026-05-30T07:19:50.355+0000] {processor.py:830} INFO - Processing file /opt/airflow/dags/dag_pipeline.py for tasks to queue
[2026-05-30T07:19:50.357+0000] {logging_mixin.py:188} INFO - [2026-05-30T07:19:50.357+0000] {dagbag.py:545} INFO - Filling up the DagBag from /opt/airflow/dags/dag_pipeline.py
[2026-05-30T07:19:50.379+0000] {processor.py:840} INFO - DAG(s) 'lyonflow_traffic_pipeline' retrieved from /opt/airflow/dags/dag_pipeline.py
[2026-05-30T07:19:50.417+0000] {logging_mixin.py:188} INFO - [2026-05-30T07:19:50.417+0000] {dag.py:3096} INFO - Sync 1 DAGs
[2026-05-30T07:19:50.448+0000] {logging_mixin.py:188} INFO - [2026-05-30T07:19:50.447+0000] {dag.py:3954} INFO - Setting next_dagrun for lyonflow_traffic_pipeline to 2026-05-30 07:15:00+00:00, run_after=2026-05-30 07:20:00+00:00
[2026-05-30T07:19:50.472+0000] {processor.py:183} INFO - Processing /opt/airflow/dags/dag_pipeline.py took 0.128 seconds
[2026-05-30T07:20:20.567+0000] {processor.py:161} INFO - Started process (PID=305) to work on /opt/airflow/dags/dag_pipeline.py
[2026-05-30T07:20:20.568+0000] {processor.py:830} INFO - Processing file /opt/airflow/dags/dag_pipeline.py for tasks to queue
[2026-05-30T07:20:20.570+0000] {logging_mixin.py:188} INFO - [2026-05-30T07:20:20.570+0000] {dagbag.py:545} INFO - Filling up the DagBag from /opt/airflow/dags/dag_pipeline.py
[2026-05-30T07:20:20.594+0000] {processor.py:840} INFO - DAG(s) 'lyonflow_traffic_pipeline' retrieved from /opt/airflow/dags/dag_pipeline.py
[2026-05-30T07:20:20.633+0000] {logging_mixin.py:188} INFO - [2026-05-30T07:20:20.633+0000] {dag.py:3096} INFO - Sync 1 DAGs
[2026-05-30T07:20:20.684+0000] {processor.py:183} INFO - Processing /opt/airflow/dags/dag_pipeline.py took 0.125 seconds
[2026-05-30T07:20:50.910+0000] {processor.py:161} INFO - Started process (PID=310) to work on /opt/airflow/dags/dag_pipeline.py
[2026-05-30T07:20:50.912+0000] {processor.py:830} INFO - Processing file /opt/airflow/dags/dag_pipeline.py for tasks to queue
[2026-05-30T07:20:50.914+0000] {logging_mixin.py:188} INFO - [2026-05-30T07:20:50.914+0000] {dagbag.py:545} INFO - Filling up the DagBag from /opt/airflow/dags/dag_pipeline.py
[2026-05-30T07:20:50.935+0000] {processor.py:840} INFO - DAG(s) 'lyonflow_traffic_pipeline' retrieved from /opt/airflow/dags/dag_pipeline.py
[2026-05-30T07:20:50.970+0000] {logging_mixin.py:188} INFO - [2026-05-30T07:20:50.969+0000] {dag.py:3096} INFO - Sync 1 DAGs
[2026-05-30T07:20:51.025+0000] {processor.py:183} INFO - Processing /opt/airflow/dags/dag_pipeline.py took 0.124 seconds
[2026-05-30T07:21:21.146+0000] {processor.py:161} INFO - Started process (PID=315) to work on /opt/airflow/dags/dag_pipeline.py
[2026-05-30T07:21:21.147+0000] {processor.py:830} INFO - Processing file /opt/airflow/dags/dag_pipeline.py for tasks to queue
[2026-05-30T07:21:21.149+0000] {logging_mixin.py:188} INFO - [2026-05-30T07:21:21.149+0000] {dagbag.py:545} INFO - Filling up the DagBag from /opt/airflow/dags/dag_pipeline.py
[2026-05-30T07:21:21.168+0000] {processor.py:840} INFO - DAG(s) 'lyonflow_traffic_pipeline' retrieved from /opt/airflow/dags/dag_pipeline.py
[2026-05-30T07:21:21.205+0000] {logging_mixin.py:188} INFO - [2026-05-30T07:21:21.204+0000] {dag.py:3096} INFO - Sync 1 DAGs
[2026-05-30T07:21:21.255+0000] {processor.py:183} INFO - Processing /opt/airflow/dags/dag_pipeline.py took 0.117 seconds
[2026-05-30T07:21:51.487+0000] {processor.py:161} INFO - Started process (PID=320) to work on /opt/airflow/dags/dag_pipeline.py
[2026-05-30T07:21:51.488+0000] {processor.py:830} INFO - Processing file /opt/airflow/dags/dag_pipeline.py for tasks to queue
[2026-05-30T07:21:51.491+0000] {logging_mixin.py:188} INFO - [2026-05-30T07:21:51.491+0000] {dagbag.py:545} INFO - Filling up the DagBag from /opt/airflow/dags/dag_pipeline.py
[2026-05-30T07:21:51.514+0000] {processor.py:840} INFO - DAG(s) 'lyonflow_traffic_pipeline' retrieved from /opt/airflow/dags/dag_pipeline.py
[2026-05-30T07:21:51.554+0000] {logging_mixin.py:188} INFO - [2026-05-30T07:21:51.553+0000] {dag.py:3096} INFO - Sync 1 DAGs
[2026-05-30T07:21:51.613+0000] {processor.py:183} INFO - Processing /opt/airflow/dags/dag_pipeline.py took 0.136 seconds
[2026-05-30T07:22:21.700+0000] {processor.py:161} INFO - Started process (PID=325) to work on /opt/airflow/dags/dag_pipeline.py
[2026-05-30T07:22:21.701+0000] {processor.py:830} INFO - Processing file /opt/airflow/dags/dag_pipeline.py for tasks to queue
[2026-05-30T07:22:21.703+0000] {logging_mixin.py:188} INFO - [2026-05-30T07:22:21.703+0000] {dagbag.py:545} INFO - Filling up the DagBag from /opt/airflow/dags/dag_pipeline.py
[2026-05-30T07:22:21.728+0000] {processor.py:840} INFO - DAG(s) 'lyonflow_traffic_pipeline' retrieved from /opt/airflow/dags/dag_pipeline.py
[2026-05-30T07:22:21.770+0000] {logging_mixin.py:188} INFO - [2026-05-30T07:22:21.770+0000] {dag.py:3096} INFO - Sync 1 DAGs
[2026-05-30T07:22:21.804+0000] {logging_mixin.py:188} INFO - [2026-05-30T07:22:21.804+0000] {dag.py:3954} INFO - Setting next_dagrun for lyonflow_traffic_pipeline to 2026-05-30 07:20:00+00:00, run_after=2026-05-30 07:25:00+00:00
[2026-05-30T07:22:21.833+0000] {processor.py:183} INFO - Processing /opt/airflow/dags/dag_pipeline.py took 0.142 seconds
[2026-05-30T07:22:52.044+0000] {processor.py:161} INFO - Started process (PID=330) to work on /opt/airflow/dags/dag_pipeline.py
[2026-05-30T07:22:52.045+0000] {processor.py:830} INFO - Processing file /opt/airflow/dags/dag_pipeline.py for tasks to queue
[2026-05-30T07:22:52.048+0000] {logging_mixin.py:188} INFO - [2026-05-30T07:22:52.047+0000] {dagbag.py:545} INFO - Filling up the DagBag from /opt/airflow/dags/dag_pipeline.py
[2026-05-30T07:22:52.074+0000] {processor.py:840} INFO - DAG(s) 'lyonflow_traffic_pipeline' retrieved from /opt/airflow/dags/dag_pipeline.py
[2026-05-30T07:22:52.119+0000] {logging_mixin.py:188} INFO - [2026-05-30T07:22:52.118+0000] {dag.py:3096} INFO - Sync 1 DAGs
[2026-05-30T07:22:52.155+0000] {logging_mixin.py:188} INFO - [2026-05-30T07:22:52.155+0000] {dag.py:3954} INFO - Setting next_dagrun for lyonflow_traffic_pipeline to 2026-05-30 07:20:00+00:00, run_after=2026-05-30 07:25:00+00:00
[2026-05-30T07:22:52.182+0000] {processor.py:183} INFO - Processing /opt/airflow/dags/dag_pipeline.py took 0.147 seconds
[2026-05-30T07:23:22.259+0000] {processor.py:161} INFO - Started process (PID=335) to work on /opt/airflow/dags/dag_pipeline.py
[2026-05-30T07:23:22.260+0000] {processor.py:830} INFO - Processing file /opt/airflow/dags/dag_pipeline.py for tasks to queue
[2026-05-30T07:23:22.262+0000] {logging_mixin.py:188} INFO - [2026-05-30T07:23:22.262+0000] {dagbag.py:545} INFO - Filling up the DagBag from /opt/airflow/dags/dag_pipeline.py
[2026-05-30T07:23:22.282+0000] {processor.py:840} INFO - DAG(s) 'lyonflow_traffic_pipeline' retrieved from /opt/airflow/dags/dag_pipeline.py
[2026-05-30T07:23:22.319+0000] {logging_mixin.py:188} INFO - [2026-05-30T07:23:22.319+0000] {dag.py:3096} INFO - Sync 1 DAGs
[2026-05-30T07:23:22.348+0000] {logging_mixin.py:188} INFO - [2026-05-30T07:23:22.348+0000] {dag.py:3954} INFO - Setting next_dagrun for lyonflow_traffic_pipeline to 2026-05-30 07:20:00+00:00, run_after=2026-05-30 07:25:00+00:00
[2026-05-30T07:23:22.377+0000] {processor.py:183} INFO - Processing /opt/airflow/dags/dag_pipeline.py took 0.125 seconds
[2026-05-30T07:23:52.684+0000] {processor.py:161} INFO - Started process (PID=340) to work on /opt/airflow/dags/dag_pipeline.py
[2026-05-30T07:23:52.685+0000] {processor.py:830} INFO - Processing file /opt/airflow/dags/dag_pipeline.py for tasks to queue
[2026-05-30T07:23:52.689+0000] {logging_mixin.py:188} INFO - [2026-05-30T07:23:52.688+0000] {dagbag.py:545} INFO - Filling up the DagBag from /opt/airflow/dags/dag_pipeline.py
[2026-05-30T07:23:52.730+0000] {processor.py:840} INFO - DAG(s) 'lyonflow_traffic_pipeline' retrieved from /opt/airflow/dags/dag_pipeline.py
[2026-05-30T07:23:52.778+0000] {logging_mixin.py:188} INFO - [2026-05-30T07:23:52.778+0000] {dag.py:3096} INFO - Sync 1 DAGs
[2026-05-30T07:23:52.812+0000] {logging_mixin.py:188} INFO - [2026-05-30T07:23:52.811+0000] {dag.py:3954} INFO - Setting next_dagrun for lyonflow_traffic_pipeline to 2026-05-30 07:20:00+00:00, run_after=2026-05-30 07:25:00+00:00
[2026-05-30T07:23:52.837+0000] {processor.py:183} INFO - Processing /opt/airflow/dags/dag_pipeline.py took 0.173 seconds
[2026-05-30T07:24:22.897+0000] {processor.py:161} INFO - Started process (PID=345) to work on /opt/airflow/dags/dag_pipeline.py
[2026-05-30T07:24:22.898+0000] {processor.py:830} INFO - Processing file /opt/airflow/dags/dag_pipeline.py for tasks to queue
[2026-05-30T07:24:22.899+0000] {logging_mixin.py:188} INFO - [2026-05-30T07:24:22.899+0000] {dagbag.py:545} INFO - Filling up the DagBag from /opt/airflow/dags/dag_pipeline.py
[2026-05-30T07:24:22.918+0000] {processor.py:840} INFO - DAG(s) 'lyonflow_traffic_pipeline' retrieved from /opt/airflow/dags/dag_pipeline.py
[2026-05-30T07:24:22.952+0000] {logging_mixin.py:188} INFO - [2026-05-30T07:24:22.952+0000] {dag.py:3096} INFO - Sync 1 DAGs
[2026-05-30T07:24:22.979+0000] {logging_mixin.py:188} INFO - [2026-05-30T07:24:22.978+0000] {dag.py:3954} INFO - Setting next_dagrun for lyonflow_traffic_pipeline to 2026-05-30 07:20:00+00:00, run_after=2026-05-30 07:25:00+00:00
[2026-05-30T07:24:23.005+0000] {processor.py:183} INFO - Processing /opt/airflow/dags/dag_pipeline.py took 0.115 seconds
[2026-05-30T07:24:53.137+0000] {processor.py:161} INFO - Started process (PID=350) to work on /opt/airflow/dags/dag_pipeline.py
[2026-05-30T07:24:53.141+0000] {processor.py:830} INFO - Processing file /opt/airflow/dags/dag_pipeline.py for tasks to queue
[2026-05-30T07:24:53.146+0000] {logging_mixin.py:188} INFO - [2026-05-30T07:24:53.145+0000] {dagbag.py:545} INFO - Filling up the DagBag from /opt/airflow/dags/dag_pipeline.py
[2026-05-30T07:24:53.179+0000] {processor.py:840} INFO - DAG(s) 'lyonflow_traffic_pipeline' retrieved from /opt/airflow/dags/dag_pipeline.py
[2026-05-30T07:24:53.228+0000] {logging_mixin.py:188} INFO - [2026-05-30T07:24:53.227+0000] {dag.py:3096} INFO - Sync 1 DAGs
[2026-05-30T07:24:53.274+0000] {logging_mixin.py:188} INFO - [2026-05-30T07:24:53.273+0000] {dag.py:3954} INFO - Setting next_dagrun for lyonflow_traffic_pipeline to 2026-05-30 07:20:00+00:00, run_after=2026-05-30 07:25:00+00:00
[2026-05-30T07:24:53.306+0000] {processor.py:183} INFO - Processing /opt/airflow/dags/dag_pipeline.py took 0.185 seconds
[2026-05-30T07:25:23.430+0000] {processor.py:161} INFO - Started process (PID=360) to work on /opt/airflow/dags/dag_pipeline.py
[2026-05-30T07:25:23.431+0000] {processor.py:830} INFO - Processing file /opt/airflow/dags/dag_pipeline.py for tasks to queue
[2026-05-30T07:25:23.432+0000] {logging_mixin.py:188} INFO - [2026-05-30T07:25:23.432+0000] {dagbag.py:545} INFO - Filling up the DagBag from /opt/airflow/dags/dag_pipeline.py
[2026-05-30T07:25:23.451+0000] {processor.py:840} INFO - DAG(s) 'lyonflow_traffic_pipeline' retrieved from /opt/airflow/dags/dag_pipeline.py
[2026-05-30T07:25:23.486+0000] {logging_mixin.py:188} INFO - [2026-05-30T07:25:23.485+0000] {dag.py:3096} INFO - Sync 1 DAGs
[2026-05-30T07:25:23.530+0000] {processor.py:183} INFO - Processing /opt/airflow/dags/dag_pipeline.py took 0.108 seconds
[2026-05-30T07:26:52.827+0000] {processor.py:161} INFO - Started process (PID=172) to work on /opt/airflow/dags/dag_pipeline.py
[2026-05-30T07:26:52.829+0000] {processor.py:830} INFO - Processing file /opt/airflow/dags/dag_pipeline.py for tasks to queue
[2026-05-30T07:26:52.835+0000] {logging_mixin.py:188} INFO - [2026-05-30T07:26:52.834+0000] {dagbag.py:545} INFO - Filling up the DagBag from /opt/airflow/dags/dag_pipeline.py
[2026-05-30T07:26:52.906+0000] {processor.py:840} INFO - DAG(s) 'lyonflow_traffic_pipeline' retrieved from /opt/airflow/dags/dag_pipeline.py
[2026-05-30T07:26:53.073+0000] {logging_mixin.py:188} INFO - [2026-05-30T07:26:53.071+0000] {dag.py:3096} INFO - Sync 1 DAGs
[2026-05-30T07:26:53.234+0000] {processor.py:183} INFO - Processing /opt/airflow/dags/dag_pipeline.py took 0.428 seconds
[2026-05-30T07:27:23.488+0000] {processor.py:161} INFO - Started process (PID=179) to work on /opt/airflow/dags/dag_pipeline.py
[2026-05-30T07:27:23.489+0000] {processor.py:830} INFO - Processing file /opt/airflow/dags/dag_pipeline.py for tasks to queue
[2026-05-30T07:27:23.491+0000] {logging_mixin.py:188} INFO - [2026-05-30T07:27:23.491+0000] {dagbag.py:545} INFO - Filling up the DagBag from /opt/airflow/dags/dag_pipeline.py
[2026-05-30T07:27:23.513+0000] {processor.py:840} INFO - DAG(s) 'lyonflow_traffic_pipeline' retrieved from /opt/airflow/dags/dag_pipeline.py
[2026-05-30T07:27:23.548+0000] {logging_mixin.py:188} INFO - [2026-05-30T07:27:23.548+0000] {dag.py:3096} INFO - Sync 1 DAGs
[2026-05-30T07:27:23.598+0000] {processor.py:183} INFO - Processing /opt/airflow/dags/dag_pipeline.py took 0.117 seconds
[2026-05-30T07:27:53.795+0000] {processor.py:161} INFO - Started process (PID=184) to work on /opt/airflow/dags/dag_pipeline.py
[2026-05-30T07:27:53.798+0000] {processor.py:830} INFO - Processing file /opt/airflow/dags/dag_pipeline.py for tasks to queue
[2026-05-30T07:27:53.809+0000] {logging_mixin.py:188} INFO - [2026-05-30T07:27:53.806+0000] {dagbag.py:545} INFO - Filling up the DagBag from /opt/airflow/dags/dag_pipeline.py
[2026-05-30T07:27:53.899+0000] {processor.py:840} INFO - DAG(s) 'lyonflow_traffic_pipeline' retrieved from /opt/airflow/dags/dag_pipeline.py
[2026-05-30T07:27:54.008+0000] {logging_mixin.py:188} INFO - [2026-05-30T07:27:54.007+0000] {dag.py:3096} INFO - Sync 1 DAGs
[2026-05-30T07:27:54.194+0000] {processor.py:183} INFO - Processing /opt/airflow/dags/dag_pipeline.py took 0.452 seconds
[2026-05-30T07:28:24.455+0000] {processor.py:161} INFO - Started process (PID=189) to work on /opt/airflow/dags/dag_pipeline.py
[2026-05-30T07:28:24.456+0000] {processor.py:830} INFO - Processing file /opt/airflow/dags/dag_pipeline.py for tasks to queue
[2026-05-30T07:28:24.459+0000] {logging_mixin.py:188} INFO - [2026-05-30T07:28:24.458+0000] {dagbag.py:545} INFO - Filling up the DagBag from /opt/airflow/dags/dag_pipeline.py
[2026-05-30T07:28:24.482+0000] {processor.py:840} INFO - DAG(s) 'lyonflow_traffic_pipeline' retrieved from /opt/airflow/dags/dag_pipeline.py
[2026-05-30T07:28:24.522+0000] {logging_mixin.py:188} INFO - [2026-05-30T07:28:24.522+0000] {dag.py:3096} INFO - Sync 1 DAGs
[2026-05-30T07:28:24.574+0000] {processor.py:183} INFO - Processing /opt/airflow/dags/dag_pipeline.py took 0.128 seconds
[2026-05-30T07:43:23.841+0000] {processor.py:161} INFO - Started process (PID=171) to work on /opt/airflow/dags/dag_pipeline.py
[2026-05-30T07:43:23.851+0000] {processor.py:830} INFO - Processing file /opt/airflow/dags/dag_pipeline.py for tasks to queue
[2026-05-30T07:43:23.856+0000] {logging_mixin.py:188} INFO - [2026-05-30T07:43:23.855+0000] {dagbag.py:545} INFO - Filling up the DagBag from /opt/airflow/dags/dag_pipeline.py
[2026-05-30T07:43:23.932+0000] {processor.py:840} INFO - DAG(s) 'lyonflow_traffic_pipeline' retrieved from /opt/airflow/dags/dag_pipeline.py
[2026-05-30T07:43:24.082+0000] {logging_mixin.py:188} INFO - [2026-05-30T07:43:24.081+0000] {dag.py:3096} INFO - Sync 1 DAGs
[2026-05-30T07:43:24.195+0000] {processor.py:183} INFO - Processing /opt/airflow/dags/dag_pipeline.py took 0.391 seconds
[2026-05-30T07:43:54.459+0000] {processor.py:161} INFO - Started process (PID=182) to work on /opt/airflow/dags/dag_pipeline.py
[2026-05-30T07:43:54.467+0000] {processor.py:830} INFO - Processing file /opt/airflow/dags/dag_pipeline.py for tasks to queue
[2026-05-30T07:43:54.478+0000] {logging_mixin.py:188} INFO - [2026-05-30T07:43:54.477+0000] {dagbag.py:545} INFO - Filling up the DagBag from /opt/airflow/dags/dag_pipeline.py
[2026-05-30T07:43:54.568+0000] {processor.py:840} INFO - DAG(s) 'lyonflow_traffic_pipeline' retrieved from /opt/airflow/dags/dag_pipeline.py
[2026-05-30T07:43:54.711+0000] {logging_mixin.py:188} INFO - [2026-05-30T07:43:54.710+0000] {dag.py:3096} INFO - Sync 1 DAGs
[2026-05-30T07:43:54.907+0000] {processor.py:183} INFO - Processing /opt/airflow/dags/dag_pipeline.py took 0.476 seconds
[2026-05-30T07:44:25.183+0000] {processor.py:161} INFO - Started process (PID=187) to work on /opt/airflow/dags/dag_pipeline.py
[2026-05-30T07:44:25.185+0000] {processor.py:830} INFO - Processing file /opt/airflow/dags/dag_pipeline.py for tasks to queue
[2026-05-30T07:44:25.188+0000] {logging_mixin.py:188} INFO - [2026-05-30T07:44:25.188+0000] {dagbag.py:545} INFO - Filling up the DagBag from /opt/airflow/dags/dag_pipeline.py
[2026-05-30T07:44:25.214+0000] {processor.py:840} INFO - DAG(s) 'lyonflow_traffic_pipeline' retrieved from /opt/airflow/dags/dag_pipeline.py
[2026-05-30T07:44:25.260+0000] {logging_mixin.py:188} INFO - [2026-05-30T07:44:25.260+0000] {dag.py:3096} INFO - Sync 1 DAGs
[2026-05-30T07:44:25.320+0000] {processor.py:183} INFO - Processing /opt/airflow/dags/dag_pipeline.py took 0.147 seconds
[2026-05-30T07:44:55.388+0000] {processor.py:161} INFO - Started process (PID=192) to work on /opt/airflow/dags/dag_pipeline.py
[2026-05-30T07:44:55.389+0000] {processor.py:830} INFO - Processing file /opt/airflow/dags/dag_pipeline.py for tasks to queue
[2026-05-30T07:44:55.392+0000] {logging_mixin.py:188} INFO - [2026-05-30T07:44:55.391+0000] {dagbag.py:545} INFO - Filling up the DagBag from /opt/airflow/dags/dag_pipeline.py
[2026-05-30T07:44:55.416+0000] {processor.py:840} INFO - DAG(s) 'lyonflow_traffic_pipeline' retrieved from /opt/airflow/dags/dag_pipeline.py
[2026-05-30T07:44:55.456+0000] {logging_mixin.py:188} INFO - [2026-05-30T07:44:55.455+0000] {dag.py:3096} INFO - Sync 1 DAGs
[2026-05-30T07:44:55.510+0000] {processor.py:183} INFO - Processing /opt/airflow/dags/dag_pipeline.py took 0.129 seconds
[2026-05-30T07:45:25.742+0000] {processor.py:161} INFO - Started process (PID=202) to work on /opt/airflow/dags/dag_pipeline.py
[2026-05-30T07:45:25.743+0000] {processor.py:830} INFO - Processing file /opt/airflow/dags/dag_pipeline.py for tasks to queue
[2026-05-30T07:45:25.746+0000] {logging_mixin.py:188} INFO - [2026-05-30T07:45:25.745+0000] {dagbag.py:545} INFO - Filling up the DagBag from /opt/airflow/dags/dag_pipeline.py
[2026-05-30T07:45:25.771+0000] {processor.py:840} INFO - DAG(s) 'lyonflow_traffic_pipeline' retrieved from /opt/airflow/dags/dag_pipeline.py
[2026-05-30T07:45:25.808+0000] {logging_mixin.py:188} INFO - [2026-05-30T07:45:25.808+0000] {dag.py:3096} INFO - Sync 1 DAGs
[2026-05-30T07:45:25.868+0000] {processor.py:183} INFO - Processing /opt/airflow/dags/dag_pipeline.py took 0.133 seconds
[2026-05-30T07:45:55.946+0000] {processor.py:161} INFO - Started process (PID=207) to work on /opt/airflow/dags/dag_pipeline.py
[2026-05-30T07:45:55.947+0000] {processor.py:830} INFO - Processing file /opt/airflow/dags/dag_pipeline.py for tasks to queue
[2026-05-30T07:45:55.949+0000] {logging_mixin.py:188} INFO - [2026-05-30T07:45:55.948+0000] {dagbag.py:545} INFO - Filling up the DagBag from /opt/airflow/dags/dag_pipeline.py
[2026-05-30T07:45:55.972+0000] {processor.py:840} INFO - DAG(s) 'lyonflow_traffic_pipeline' retrieved from /opt/airflow/dags/dag_pipeline.py
[2026-05-30T07:45:56.009+0000] {logging_mixin.py:188} INFO - [2026-05-30T07:45:56.009+0000] {dag.py:3096} INFO - Sync 1 DAGs
[2026-05-30T07:45:56.058+0000] {processor.py:183} INFO - Processing /opt/airflow/dags/dag_pipeline.py took 0.118 seconds
[2026-05-30T07:46:26.291+0000] {processor.py:161} INFO - Started process (PID=212) to work on /opt/airflow/dags/dag_pipeline.py
[2026-05-30T07:46:26.292+0000] {processor.py:830} INFO - Processing file /opt/airflow/dags/dag_pipeline.py for tasks to queue
[2026-05-30T07:46:26.295+0000] {logging_mixin.py:188} INFO - [2026-05-30T07:46:26.294+0000] {dagbag.py:545} INFO - Filling up the DagBag from /opt/airflow/dags/dag_pipeline.py
[2026-05-30T07:46:26.317+0000] {processor.py:840} INFO - DAG(s) 'lyonflow_traffic_pipeline' retrieved from /opt/airflow/dags/dag_pipeline.py
[2026-05-30T07:46:26.352+0000] {logging_mixin.py:188} INFO - [2026-05-30T07:46:26.351+0000] {dag.py:3096} INFO - Sync 1 DAGs
[2026-05-30T07:46:26.400+0000] {processor.py:183} INFO - Processing /opt/airflow/dags/dag_pipeline.py took 0.116 seconds
[2026-05-30T07:46:56.510+0000] {processor.py:161} INFO - Started process (PID=217) to work on /opt/airflow/dags/dag_pipeline.py
[2026-05-30T07:46:56.511+0000] {processor.py:830} INFO - Processing file /opt/airflow/dags/dag_pipeline.py for tasks to queue
[2026-05-30T07:46:56.513+0000] {logging_mixin.py:188} INFO - [2026-05-30T07:46:56.513+0000] {dagbag.py:545} INFO - Filling up the DagBag from /opt/airflow/dags/dag_pipeline.py
[2026-05-30T07:46:56.536+0000] {processor.py:840} INFO - DAG(s) 'lyonflow_traffic_pipeline' retrieved from /opt/airflow/dags/dag_pipeline.py
[2026-05-30T07:46:56.570+0000] {logging_mixin.py:188} INFO - [2026-05-30T07:46:56.570+0000] {dag.py:3096} INFO - Sync 1 DAGs
[2026-05-30T07:46:56.615+0000] {processor.py:183} INFO - Processing /opt/airflow/dags/dag_pipeline.py took 0.112 seconds
[2026-05-30T07:47:26.818+0000] {processor.py:161} INFO - Started process (PID=227) to work on /opt/airflow/dags/dag_pipeline.py
[2026-05-30T07:47:26.820+0000] {processor.py:830} INFO - Processing file /opt/airflow/dags/dag_pipeline.py for tasks to queue
[2026-05-30T07:47:26.821+0000] {logging_mixin.py:188} INFO - [2026-05-30T07:47:26.821+0000] {dagbag.py:545} INFO - Filling up the DagBag from /opt/airflow/dags/dag_pipeline.py
[2026-05-30T07:47:26.842+0000] {processor.py:840} INFO - DAG(s) 'lyonflow_traffic_pipeline' retrieved from /opt/airflow/dags/dag_pipeline.py
[2026-05-30T07:47:26.878+0000] {logging_mixin.py:188} INFO - [2026-05-30T07:47:26.878+0000] {dag.py:3096} INFO - Sync 1 DAGs
[2026-05-30T07:47:26.932+0000] {processor.py:183} INFO - Processing /opt/airflow/dags/dag_pipeline.py took 0.120 seconds
[2026-05-30T07:48:07.397+0000] {processor.py:161} INFO - Started process (PID=171) to work on /opt/airflow/dags/dag_pipeline.py
[2026-05-30T07:48:07.399+0000] {processor.py:830} INFO - Processing file /opt/airflow/dags/dag_pipeline.py for tasks to queue
[2026-05-30T07:48:07.401+0000] {logging_mixin.py:188} INFO - [2026-05-30T07:48:07.401+0000] {dagbag.py:545} INFO - Filling up the DagBag from /opt/airflow/dags/dag_pipeline.py
[2026-05-30T07:48:07.423+0000] {processor.py:840} INFO - DAG(s) 'lyonflow_traffic_pipeline' retrieved from /opt/airflow/dags/dag_pipeline.py
[2026-05-30T07:48:07.463+0000] {logging_mixin.py:188} INFO - [2026-05-30T07:48:07.462+0000] {dag.py:3096} INFO - Sync 1 DAGs
[2026-05-30T07:48:07.576+0000] {processor.py:183} INFO - Processing /opt/airflow/dags/dag_pipeline.py took 0.186 seconds
[2026-05-30T07:48:37.654+0000] {processor.py:161} INFO - Started process (PID=180) to work on /opt/airflow/dags/dag_pipeline.py
[2026-05-30T07:48:37.655+0000] {processor.py:830} INFO - Processing file /opt/airflow/dags/dag_pipeline.py for tasks to queue
[2026-05-30T07:48:37.659+0000] {logging_mixin.py:188} INFO - [2026-05-30T07:48:37.659+0000] {dagbag.py:545} INFO - Filling up the DagBag from /opt/airflow/dags/dag_pipeline.py
[2026-05-30T07:48:37.687+0000] {processor.py:840} INFO - DAG(s) 'lyonflow_traffic_pipeline' retrieved from /opt/airflow/dags/dag_pipeline.py
[2026-05-30T07:48:37.937+0000] {logging_mixin.py:188} INFO - [2026-05-30T07:48:37.937+0000] {dag.py:3096} INFO - Sync 1 DAGs
[2026-05-30T07:48:37.985+0000] {processor.py:183} INFO - Processing /opt/airflow/dags/dag_pipeline.py took 0.342 seconds
[2026-05-30T07:49:08.226+0000] {processor.py:161} INFO - Started process (PID=185) to work on /opt/airflow/dags/dag_pipeline.py
[2026-05-30T07:49:08.228+0000] {processor.py:830} INFO - Processing file /opt/airflow/dags/dag_pipeline.py for tasks to queue
[2026-05-30T07:49:08.231+0000] {logging_mixin.py:188} INFO - [2026-05-30T07:49:08.231+0000] {dagbag.py:545} INFO - Filling up the DagBag from /opt/airflow/dags/dag_pipeline.py
[2026-05-30T07:49:08.255+0000] {processor.py:840} INFO - DAG(s) 'lyonflow_traffic_pipeline' retrieved from /opt/airflow/dags/dag_pipeline.py
[2026-05-30T07:49:08.289+0000] {logging_mixin.py:188} INFO - [2026-05-30T07:49:08.289+0000] {dag.py:3096} INFO - Sync 1 DAGs
[2026-05-30T07:49:08.338+0000] {processor.py:183} INFO - Processing /opt/airflow/dags/dag_pipeline.py took 0.119 seconds
[2026-05-30T07:49:38.441+0000] {processor.py:161} INFO - Started process (PID=190) to work on /opt/airflow/dags/dag_pipeline.py
[2026-05-30T07:49:38.442+0000] {processor.py:830} INFO - Processing file /opt/airflow/dags/dag_pipeline.py for tasks to queue
[2026-05-30T07:49:38.444+0000] {logging_mixin.py:188} INFO - [2026-05-30T07:49:38.443+0000] {dagbag.py:545} INFO - Filling up the DagBag from /opt/airflow/dags/dag_pipeline.py
[2026-05-30T07:49:38.463+0000] {processor.py:840} INFO - DAG(s) 'lyonflow_traffic_pipeline' retrieved from /opt/airflow/dags/dag_pipeline.py
[2026-05-30T07:49:38.497+0000] {logging_mixin.py:188} INFO - [2026-05-30T07:49:38.497+0000] {dag.py:3096} INFO - Sync 1 DAGs
[2026-05-30T07:49:38.549+0000] {processor.py:183} INFO - Processing /opt/airflow/dags/dag_pipeline.py took 0.115 seconds
[2026-05-30T07:50:08.811+0000] {processor.py:161} INFO - Started process (PID=195) to work on /opt/airflow/dags/dag_pipeline.py
[2026-05-30T07:50:08.813+0000] {processor.py:830} INFO - Processing file /opt/airflow/dags/dag_pipeline.py for tasks to queue
[2026-05-30T07:50:08.817+0000] {logging_mixin.py:188} INFO - [2026-05-30T07:50:08.816+0000] {dagbag.py:545} INFO - Filling up the DagBag from /opt/airflow/dags/dag_pipeline.py
[2026-05-30T07:50:08.850+0000] {processor.py:840} INFO - DAG(s) 'lyonflow_traffic_pipeline' retrieved from /opt/airflow/dags/dag_pipeline.py
[2026-05-30T07:50:08.922+0000] {logging_mixin.py:188} INFO - [2026-05-30T07:50:08.922+0000] {dag.py:3096} INFO - Sync 1 DAGs
[2026-05-30T07:50:08.971+0000] {logging_mixin.py:188} INFO - [2026-05-30T07:50:08.971+0000] {dag.py:3954} INFO - Setting next_dagrun for lyonflow_traffic_pipeline to 2026-05-30 07:45:00+00:00, run_after=2026-05-30 07:50:00+00:00
[2026-05-30T07:50:09.007+0000] {processor.py:183} INFO - Processing /opt/airflow/dags/dag_pipeline.py took 0.196 seconds
[2026-05-30T07:50:39.246+0000] {processor.py:161} INFO - Started process (PID=205) to work on /opt/airflow/dags/dag_pipeline.py
[2026-05-30T07:50:39.247+0000] {processor.py:830} INFO - Processing file /opt/airflow/dags/dag_pipeline.py for tasks to queue
[2026-05-30T07:50:39.250+0000] {logging_mixin.py:188} INFO - [2026-05-30T07:50:39.250+0000] {dagbag.py:545} INFO - Filling up the DagBag from /opt/airflow/dags/dag_pipeline.py
[2026-05-30T07:50:39.271+0000] {processor.py:840} INFO - DAG(s) 'lyonflow_traffic_pipeline' retrieved from /opt/airflow/dags/dag_pipeline.py
[2026-05-30T07:50:39.310+0000] {logging_mixin.py:188} INFO - [2026-05-30T07:50:39.310+0000] {dag.py:3096} INFO - Sync 1 DAGs
[2026-05-30T07:50:39.360+0000] {processor.py:183} INFO - Processing /opt/airflow/dags/dag_pipeline.py took 0.122 seconds
[2026-05-30T07:51:09.458+0000] {processor.py:161} INFO - Started process (PID=210) to work on /opt/airflow/dags/dag_pipeline.py
[2026-05-30T07:51:09.459+0000] {processor.py:830} INFO - Processing file /opt/airflow/dags/dag_pipeline.py for tasks to queue
[2026-05-30T07:51:09.461+0000] {logging_mixin.py:188} INFO - [2026-05-30T07:51:09.461+0000] {dagbag.py:545} INFO - Filling up the DagBag from /opt/airflow/dags/dag_pipeline.py
[2026-05-30T07:51:09.481+0000] {processor.py:840} INFO - DAG(s) 'lyonflow_traffic_pipeline' retrieved from /opt/airflow/dags/dag_pipeline.py
[2026-05-30T07:51:09.517+0000] {logging_mixin.py:188} INFO - [2026-05-30T07:51:09.516+0000] {dag.py:3096} INFO - Sync 1 DAGs
[2026-05-30T07:51:09.569+0000] {processor.py:183} INFO - Processing /opt/airflow/dags/dag_pipeline.py took 0.117 seconds
[2026-05-30T07:51:39.806+0000] {processor.py:161} INFO - Started process (PID=215) to work on /opt/airflow/dags/dag_pipeline.py
[2026-05-30T07:51:39.807+0000] {processor.py:830} INFO - Processing file /opt/airflow/dags/dag_pipeline.py for tasks to queue
[2026-05-30T07:51:39.811+0000] {logging_mixin.py:188} INFO - [2026-05-30T07:51:39.811+0000] {dagbag.py:545} INFO - Filling up the DagBag from /opt/airflow/dags/dag_pipeline.py
[2026-05-30T07:51:39.843+0000] {processor.py:840} INFO - DAG(s) 'lyonflow_traffic_pipeline' retrieved from /opt/airflow/dags/dag_pipeline.py
[2026-05-30T07:51:39.891+0000] {logging_mixin.py:188} INFO - [2026-05-30T07:51:39.890+0000] {dag.py:3096} INFO - Sync 1 DAGs
[2026-05-30T07:51:39.943+0000] {processor.py:183} INFO - Processing /opt/airflow/dags/dag_pipeline.py took 0.150 seconds
[2026-05-30T07:52:10.015+0000] {processor.py:161} INFO - Started process (PID=220) to work on /opt/airflow/dags/dag_pipeline.py
[2026-05-30T07:52:10.017+0000] {processor.py:830} INFO - Processing file /opt/airflow/dags/dag_pipeline.py for tasks to queue
[2026-05-30T07:52:10.019+0000] {logging_mixin.py:188} INFO - [2026-05-30T07:52:10.019+0000] {dagbag.py:545} INFO - Filling up the DagBag from /opt/airflow/dags/dag_pipeline.py
[2026-05-30T07:52:10.041+0000] {processor.py:840} INFO - DAG(s) 'lyonflow_traffic_pipeline' retrieved from /opt/airflow/dags/dag_pipeline.py
[2026-05-30T07:52:10.073+0000] {logging_mixin.py:188} INFO - [2026-05-30T07:52:10.073+0000] {dag.py:3096} INFO - Sync 1 DAGs
[2026-05-30T07:52:10.097+0000] {logging_mixin.py:188} INFO - [2026-05-30T07:52:10.097+0000] {dag.py:3954} INFO - Setting next_dagrun for lyonflow_traffic_pipeline to 2026-05-30 07:50:00+00:00, run_after=2026-05-30 07:55:00+00:00
[2026-05-30T07:52:10.120+0000] {processor.py:183} INFO - Processing /opt/airflow/dags/dag_pipeline.py took 0.112 seconds
[2026-05-30T07:52:40.224+0000] {processor.py:161} INFO - Started process (PID=225) to work on /opt/airflow/dags/dag_pipeline.py
[2026-05-30T07:52:40.225+0000] {processor.py:830} INFO - Processing file /opt/airflow/dags/dag_pipeline.py for tasks to queue
[2026-05-30T07:52:40.229+0000] {logging_mixin.py:188} INFO - [2026-05-30T07:52:40.228+0000] {dagbag.py:545} INFO - Filling up the DagBag from /opt/airflow/dags/dag_pipeline.py
[2026-05-30T07:52:40.249+0000] {processor.py:840} INFO - DAG(s) 'lyonflow_traffic_pipeline' retrieved from /opt/airflow/dags/dag_pipeline.py
[2026-05-30T07:52:40.278+0000] {logging_mixin.py:188} INFO - [2026-05-30T07:52:40.278+0000] {dag.py:3096} INFO - Sync 1 DAGs
[2026-05-30T07:52:40.303+0000] {logging_mixin.py:188} INFO - [2026-05-30T07:52:40.303+0000] {dag.py:3954} INFO - Setting next_dagrun for lyonflow_traffic_pipeline to 2026-05-30 07:50:00+00:00, run_after=2026-05-30 07:55:00+00:00
[2026-05-30T07:52:40.326+0000] {processor.py:183} INFO - Processing /opt/airflow/dags/dag_pipeline.py took 0.109 seconds
[2026-05-30T07:53:10.574+0000] {processor.py:161} INFO - Started process (PID=230) to work on /opt/airflow/dags/dag_pipeline.py
[2026-05-30T07:53:10.575+0000] {processor.py:830} INFO - Processing file /opt/airflow/dags/dag_pipeline.py for tasks to queue
[2026-05-30T07:53:10.577+0000] {logging_mixin.py:188} INFO - [2026-05-30T07:53:10.577+0000] {dagbag.py:545} INFO - Filling up the DagBag from /opt/airflow/dags/dag_pipeline.py
[2026-05-30T07:53:10.598+0000] {processor.py:840} INFO - DAG(s) 'lyonflow_traffic_pipeline' retrieved from /opt/airflow/dags/dag_pipeline.py
[2026-05-30T07:53:10.630+0000] {logging_mixin.py:188} INFO - [2026-05-30T07:53:10.629+0000] {dag.py:3096} INFO - Sync 1 DAGs
[2026-05-30T07:53:10.656+0000] {logging_mixin.py:188} INFO - [2026-05-30T07:53:10.655+0000] {dag.py:3954} INFO - Setting next_dagrun for lyonflow_traffic_pipeline to 2026-05-30 07:50:00+00:00, run_after=2026-05-30 07:55:00+00:00
[2026-05-30T07:53:10.679+0000] {processor.py:183} INFO - Processing /opt/airflow/dags/dag_pipeline.py took 0.112 seconds
[2026-05-30T07:53:40.786+0000] {processor.py:161} INFO - Started process (PID=235) to work on /opt/airflow/dags/dag_pipeline.py
[2026-05-30T07:53:40.790+0000] {processor.py:830} INFO - Processing file /opt/airflow/dags/dag_pipeline.py for tasks to queue
[2026-05-30T07:53:40.794+0000] {logging_mixin.py:188} INFO - [2026-05-30T07:53:40.793+0000] {dagbag.py:545} INFO - Filling up the DagBag from /opt/airflow/dags/dag_pipeline.py
[2026-05-30T07:53:40.815+0000] {processor.py:840} INFO - DAG(s) 'lyonflow_traffic_pipeline' retrieved from /opt/airflow/dags/dag_pipeline.py
[2026-05-30T07:53:40.849+0000] {logging_mixin.py:188} INFO - [2026-05-30T07:53:40.849+0000] {dag.py:3096} INFO - Sync 1 DAGs
[2026-05-30T07:53:40.874+0000] {logging_mixin.py:188} INFO - [2026-05-30T07:53:40.873+0000] {dag.py:3954} INFO - Setting next_dagrun for lyonflow_traffic_pipeline to 2026-05-30 07:50:00+00:00, run_after=2026-05-30 07:55:00+00:00
[2026-05-30T07:53:40.896+0000] {processor.py:183} INFO - Processing /opt/airflow/dags/dag_pipeline.py took 0.117 seconds
[2026-05-30T07:54:11.115+0000] {processor.py:161} INFO - Started process (PID=240) to work on /opt/airflow/dags/dag_pipeline.py
[2026-05-30T07:54:11.116+0000] {processor.py:830} INFO - Processing file /opt/airflow/dags/dag_pipeline.py for tasks to queue
[2026-05-30T07:54:11.119+0000] {logging_mixin.py:188} INFO - [2026-05-30T07:54:11.118+0000] {dagbag.py:545} INFO - Filling up the DagBag from /opt/airflow/dags/dag_pipeline.py
[2026-05-30T07:54:11.139+0000] {processor.py:840} INFO - DAG(s) 'lyonflow_traffic_pipeline' retrieved from /opt/airflow/dags/dag_pipeline.py
[2026-05-30T07:54:11.172+0000] {logging_mixin.py:188} INFO - [2026-05-30T07:54:11.171+0000] {dag.py:3096} INFO - Sync 1 DAGs
[2026-05-30T07:54:11.199+0000] {logging_mixin.py:188} INFO - [2026-05-30T07:54:11.199+0000] {dag.py:3954} INFO - Setting next_dagrun for lyonflow_traffic_pipeline to 2026-05-30 07:50:00+00:00, run_after=2026-05-30 07:55:00+00:00
[2026-05-30T07:54:11.224+0000] {processor.py:183} INFO - Processing /opt/airflow/dags/dag_pipeline.py took 0.116 seconds
[2026-05-30T07:54:41.330+0000] {processor.py:161} INFO - Started process (PID=245) to work on /opt/airflow/dags/dag_pipeline.py
[2026-05-30T07:54:41.331+0000] {processor.py:830} INFO - Processing file /opt/airflow/dags/dag_pipeline.py for tasks to queue
[2026-05-30T07:54:41.333+0000] {logging_mixin.py:188} INFO - [2026-05-30T07:54:41.333+0000] {dagbag.py:545} INFO - Filling up the DagBag from /opt/airflow/dags/dag_pipeline.py
[2026-05-30T07:54:41.350+0000] {processor.py:840} INFO - DAG(s) 'lyonflow_traffic_pipeline' retrieved from /opt/airflow/dags/dag_pipeline.py
[2026-05-30T07:54:41.384+0000] {logging_mixin.py:188} INFO - [2026-05-30T07:54:41.384+0000] {dag.py:3096} INFO - Sync 1 DAGs
[2026-05-30T07:54:41.410+0000] {logging_mixin.py:188} INFO - [2026-05-30T07:54:41.409+0000] {dag.py:3954} INFO - Setting next_dagrun for lyonflow_traffic_pipeline to 2026-05-30 07:50:00+00:00, run_after=2026-05-30 07:55:00+00:00
[2026-05-30T07:54:41.434+0000] {processor.py:183} INFO - Processing /opt/airflow/dags/dag_pipeline.py took 0.111 seconds
[2026-05-30T07:55:11.673+0000] {processor.py:161} INFO - Started process (PID=255) to work on /opt/airflow/dags/dag_pipeline.py
[2026-05-30T07:55:11.675+0000] {processor.py:830} INFO - Processing file /opt/airflow/dags/dag_pipeline.py for tasks to queue
[2026-05-30T07:55:11.679+0000] {logging_mixin.py:188} INFO - [2026-05-30T07:55:11.678+0000] {dagbag.py:545} INFO - Filling up the DagBag from /opt/airflow/dags/dag_pipeline.py
[2026-05-30T07:55:11.712+0000] {processor.py:840} INFO - DAG(s) 'lyonflow_traffic_pipeline' retrieved from /opt/airflow/dags/dag_pipeline.py
[2026-05-30T07:55:11.778+0000] {logging_mixin.py:188} INFO - [2026-05-30T07:55:11.777+0000] {dag.py:3096} INFO - Sync 1 DAGs
[2026-05-30T07:55:11.848+0000] {processor.py:183} INFO - Processing /opt/airflow/dags/dag_pipeline.py took 0.186 seconds
[2026-05-30T07:55:42.089+0000] {processor.py:161} INFO - Started process (PID=260) to work on /opt/airflow/dags/dag_pipeline.py
[2026-05-30T07:55:42.090+0000] {processor.py:830} INFO - Processing file /opt/airflow/dags/dag_pipeline.py for tasks to queue
[2026-05-30T07:55:42.093+0000] {logging_mixin.py:188} INFO - [2026-05-30T07:55:42.093+0000] {dagbag.py:545} INFO - Filling up the DagBag from /opt/airflow/dags/dag_pipeline.py
[2026-05-30T07:55:42.115+0000] {processor.py:840} INFO - DAG(s) 'lyonflow_traffic_pipeline' retrieved from /opt/airflow/dags/dag_pipeline.py
[2026-05-30T07:55:42.153+0000] {logging_mixin.py:188} INFO - [2026-05-30T07:55:42.152+0000] {dag.py:3096} INFO - Sync 1 DAGs
[2026-05-30T07:55:42.207+0000] {processor.py:183} INFO - Processing /opt/airflow/dags/dag_pipeline.py took 0.128 seconds
[2026-05-30T07:56:12.325+0000] {processor.py:161} INFO - Started process (PID=265) to work on /opt/airflow/dags/dag_pipeline.py
[2026-05-30T07:56:12.326+0000] {processor.py:830} INFO - Processing file /opt/airflow/dags/dag_pipeline.py for tasks to queue
[2026-05-30T07:56:12.330+0000] {logging_mixin.py:188} INFO - [2026-05-30T07:56:12.329+0000] {dagbag.py:545} INFO - Filling up the DagBag from /opt/airflow/dags/dag_pipeline.py
[2026-05-30T07:56:12.354+0000] {processor.py:840} INFO - DAG(s) 'lyonflow_traffic_pipeline' retrieved from /opt/airflow/dags/dag_pipeline.py
[2026-05-30T07:56:12.399+0000] {logging_mixin.py:188} INFO - [2026-05-30T07:56:12.398+0000] {dag.py:3096} INFO - Sync 1 DAGs
[2026-05-30T07:56:12.455+0000] {processor.py:183} INFO - Processing /opt/airflow/dags/dag_pipeline.py took 0.139 seconds
[2026-05-30T07:56:42.659+0000] {processor.py:161} INFO - Started process (PID=270) to work on /opt/airflow/dags/dag_pipeline.py
[2026-05-30T07:56:42.660+0000] {processor.py:830} INFO - Processing file /opt/airflow/dags/dag_pipeline.py for tasks to queue
[2026-05-30T07:56:42.663+0000] {logging_mixin.py:188} INFO - [2026-05-30T07:56:42.663+0000] {dagbag.py:545} INFO - Filling up the DagBag from /opt/airflow/dags/dag_pipeline.py
[2026-05-30T07:56:42.697+0000] {processor.py:840} INFO - DAG(s) 'lyonflow_traffic_pipeline' retrieved from /opt/airflow/dags/dag_pipeline.py
[2026-05-30T07:56:42.740+0000] {logging_mixin.py:188} INFO - [2026-05-30T07:56:42.740+0000] {dag.py:3096} INFO - Sync 1 DAGs
[2026-05-30T07:56:42.798+0000] {processor.py:183} INFO - Processing /opt/airflow/dags/dag_pipeline.py took 0.147 seconds
[2026-05-30T07:57:12.909+0000] {processor.py:161} INFO - Started process (PID=275) to work on /opt/airflow/dags/dag_pipeline.py
[2026-05-30T07:57:12.910+0000] {processor.py:830} INFO - Processing file /opt/airflow/dags/dag_pipeline.py for tasks to queue
[2026-05-30T07:57:12.913+0000] {logging_mixin.py:188} INFO - [2026-05-30T07:57:12.912+0000] {dagbag.py:545} INFO - Filling up the DagBag from /opt/airflow/dags/dag_pipeline.py
[2026-05-30T07:57:12.958+0000] {processor.py:840} INFO - DAG(s) 'lyonflow_traffic_pipeline' retrieved from /opt/airflow/dags/dag_pipeline.py
[2026-05-30T07:57:13.009+0000] {logging_mixin.py:188} INFO - [2026-05-30T07:57:13.008+0000] {dag.py:3096} INFO - Sync 1 DAGs
[2026-05-30T07:57:13.040+0000] {logging_mixin.py:188} INFO - [2026-05-30T07:57:13.040+0000] {dag.py:3954} INFO - Setting next_dagrun for lyonflow_traffic_pipeline to 2026-05-30 07:55:00+00:00, run_after=2026-05-30 08:00:00+00:00
[2026-05-30T07:57:13.073+0000] {processor.py:183} INFO - Processing /opt/airflow/dags/dag_pipeline.py took 0.174 seconds
[2026-05-30T07:57:43.237+0000] {processor.py:161} INFO - Started process (PID=280) to work on /opt/airflow/dags/dag_pipeline.py
[2026-05-30T07:57:43.239+0000] {processor.py:830} INFO - Processing file /opt/airflow/dags/dag_pipeline.py for tasks to queue
[2026-05-30T07:57:43.241+0000] {logging_mixin.py:188} INFO - [2026-05-30T07:57:43.241+0000] {dagbag.py:545} INFO - Filling up the DagBag from /opt/airflow/dags/dag_pipeline.py
[2026-05-30T07:57:43.275+0000] {processor.py:840} INFO - DAG(s) 'lyonflow_traffic_pipeline' retrieved from /opt/airflow/dags/dag_pipeline.py
[2026-05-30T07:57:43.319+0000] {logging_mixin.py:188} INFO - [2026-05-30T07:57:43.319+0000] {dag.py:3096} INFO - Sync 1 DAGs
[2026-05-30T07:57:43.357+0000] {logging_mixin.py:188} INFO - [2026-05-30T07:57:43.356+0000] {dag.py:3954} INFO - Setting next_dagrun for lyonflow_traffic_pipeline to 2026-05-30 07:55:00+00:00, run_after=2026-05-30 08:00:00+00:00
[2026-05-30T07:57:43.389+0000] {processor.py:183} INFO - Processing /opt/airflow/dags/dag_pipeline.py took 0.161 seconds
[2026-05-30T07:58:13.495+0000] {processor.py:161} INFO - Started process (PID=285) to work on /opt/airflow/dags/dag_pipeline.py
[2026-05-30T07:58:13.496+0000] {processor.py:830} INFO - Processing file /opt/airflow/dags/dag_pipeline.py for tasks to queue
[2026-05-30T07:58:13.500+0000] {logging_mixin.py:188} INFO - [2026-05-30T07:58:13.499+0000] {dagbag.py:545} INFO - Filling up the DagBag from /opt/airflow/dags/dag_pipeline.py
[2026-05-30T07:58:13.519+0000] {processor.py:840} INFO - DAG(s) 'lyonflow_traffic_pipeline' retrieved from /opt/airflow/dags/dag_pipeline.py
[2026-05-30T07:58:13.552+0000] {logging_mixin.py:188} INFO - [2026-05-30T07:58:13.552+0000] {dag.py:3096} INFO - Sync 1 DAGs
[2026-05-30T07:58:13.580+0000] {logging_mixin.py:188} INFO - [2026-05-30T07:58:13.580+0000] {dag.py:3954} INFO - Setting next_dagrun for lyonflow_traffic_pipeline to 2026-05-30 07:55:00+00:00, run_after=2026-05-30 08:00:00+00:00
[2026-05-30T07:58:13.605+0000] {processor.py:183} INFO - Processing /opt/airflow/dags/dag_pipeline.py took 0.118 seconds
[2026-05-30T07:58:43.702+0000] {processor.py:161} INFO - Started process (PID=290) to work on /opt/airflow/dags/dag_pipeline.py
[2026-05-30T07:58:43.703+0000] {processor.py:830} INFO - Processing file /opt/airflow/dags/dag_pipeline.py for tasks to queue
[2026-05-30T07:58:43.705+0000] {logging_mixin.py:188} INFO - [2026-05-30T07:58:43.705+0000] {dagbag.py:545} INFO - Filling up the DagBag from /opt/airflow/dags/dag_pipeline.py
[2026-05-30T07:58:43.723+0000] {processor.py:840} INFO - DAG(s) 'lyonflow_traffic_pipeline' retrieved from /opt/airflow/dags/dag_pipeline.py
[2026-05-30T07:58:43.756+0000] {logging_mixin.py:188} INFO - [2026-05-30T07:58:43.756+0000] {dag.py:3096} INFO - Sync 1 DAGs
[2026-05-30T07:58:43.783+0000] {logging_mixin.py:188} INFO - [2026-05-30T07:58:43.783+0000] {dag.py:3954} INFO - Setting next_dagrun for lyonflow_traffic_pipeline to 2026-05-30 07:55:00+00:00, run_after=2026-05-30 08:00:00+00:00
[2026-05-30T07:58:43.808+0000] {processor.py:183} INFO - Processing /opt/airflow/dags/dag_pipeline.py took 0.112 seconds
[2026-05-30T07:59:14.034+0000] {processor.py:161} INFO - Started process (PID=295) to work on /opt/airflow/dags/dag_pipeline.py
[2026-05-30T07:59:14.035+0000] {processor.py:830} INFO - Processing file /opt/airflow/dags/dag_pipeline.py for tasks to queue
[2026-05-30T07:59:14.037+0000] {logging_mixin.py:188} INFO - [2026-05-30T07:59:14.036+0000] {dagbag.py:545} INFO - Filling up the DagBag from /opt/airflow/dags/dag_pipeline.py
[2026-05-30T07:59:14.058+0000] {processor.py:840} INFO - DAG(s) 'lyonflow_traffic_pipeline' retrieved from /opt/airflow/dags/dag_pipeline.py
[2026-05-30T07:59:14.094+0000] {logging_mixin.py:188} INFO - [2026-05-30T07:59:14.094+0000] {dag.py:3096} INFO - Sync 1 DAGs
[2026-05-30T07:59:14.124+0000] {logging_mixin.py:188} INFO - [2026-05-30T07:59:14.124+0000] {dag.py:3954} INFO - Setting next_dagrun for lyonflow_traffic_pipeline to 2026-05-30 07:55:00+00:00, run_after=2026-05-30 08:00:00+00:00
[2026-05-30T07:59:14.153+0000] {processor.py:183} INFO - Processing /opt/airflow/dags/dag_pipeline.py took 0.127 seconds
[2026-05-30T07:59:44.265+0000] {processor.py:161} INFO - Started process (PID=300) to work on /opt/airflow/dags/dag_pipeline.py
[2026-05-30T07:59:44.266+0000] {processor.py:830} INFO - Processing file /opt/airflow/dags/dag_pipeline.py for tasks to queue
[2026-05-30T07:59:44.268+0000] {logging_mixin.py:188} INFO - [2026-05-30T07:59:44.268+0000] {dagbag.py:545} INFO - Filling up the DagBag from /opt/airflow/dags/dag_pipeline.py
[2026-05-30T07:59:44.287+0000] {processor.py:840} INFO - DAG(s) 'lyonflow_traffic_pipeline' retrieved from /opt/airflow/dags/dag_pipeline.py
[2026-05-30T07:59:44.318+0000] {logging_mixin.py:188} INFO - [2026-05-30T07:59:44.318+0000] {dag.py:3096} INFO - Sync 1 DAGs
[2026-05-30T07:59:44.344+0000] {logging_mixin.py:188} INFO - [2026-05-30T07:59:44.344+0000] {dag.py:3954} INFO - Setting next_dagrun for lyonflow_traffic_pipeline to 2026-05-30 07:55:00+00:00, run_after=2026-05-30 08:00:00+00:00
[2026-05-30T07:59:44.368+0000] {processor.py:183} INFO - Processing /opt/airflow/dags/dag_pipeline.py took 0.109 seconds
[2026-05-30T08:00:14.588+0000] {processor.py:161} INFO - Started process (PID=310) to work on /opt/airflow/dags/dag_pipeline.py
[2026-05-30T08:00:14.589+0000] {processor.py:830} INFO - Processing file /opt/airflow/dags/dag_pipeline.py for tasks to queue
[2026-05-30T08:00:14.592+0000] {logging_mixin.py:188} INFO - [2026-05-30T08:00:14.592+0000] {dagbag.py:545} INFO - Filling up the DagBag from /opt/airflow/dags/dag_pipeline.py
[2026-05-30T08:00:14.617+0000] {processor.py:840} INFO - DAG(s) 'lyonflow_traffic_pipeline' retrieved from /opt/airflow/dags/dag_pipeline.py
[2026-05-30T08:00:14.663+0000] {logging_mixin.py:188} INFO - [2026-05-30T08:00:14.663+0000] {dag.py:3096} INFO - Sync 1 DAGs
[2026-05-30T08:00:14.724+0000] {processor.py:183} INFO - Processing /opt/airflow/dags/dag_pipeline.py took 0.146 seconds
[2026-05-30T08:00:44.814+0000] {processor.py:161} INFO - Started process (PID=315) to work on /opt/airflow/dags/dag_pipeline.py
[2026-05-30T08:00:44.816+0000] {processor.py:830} INFO - Processing file /opt/airflow/dags/dag_pipeline.py for tasks to queue
[2026-05-30T08:00:44.818+0000] {logging_mixin.py:188} INFO - [2026-05-30T08:00:44.818+0000] {dagbag.py:545} INFO - Filling up the DagBag from /opt/airflow/dags/dag_pipeline.py
[2026-05-30T08:00:44.843+0000] {processor.py:840} INFO - DAG(s) 'lyonflow_traffic_pipeline' retrieved from /opt/airflow/dags/dag_pipeline.py
[2026-05-30T08:00:44.885+0000] {logging_mixin.py:188} INFO - [2026-05-30T08:00:44.885+0000] {dag.py:3096} INFO - Sync 1 DAGs
[2026-05-30T08:00:44.947+0000] {processor.py:183} INFO - Processing /opt/airflow/dags/dag_pipeline.py took 0.141 seconds
[2026-05-30T08:01:15.186+0000] {processor.py:161} INFO - Started process (PID=320) to work on /opt/airflow/dags/dag_pipeline.py
[2026-05-30T08:01:15.187+0000] {processor.py:830} INFO - Processing file /opt/airflow/dags/dag_pipeline.py for tasks to queue
[2026-05-30T08:01:15.191+0000] {logging_mixin.py:188} INFO - [2026-05-30T08:01:15.190+0000] {dagbag.py:545} INFO - Filling up the DagBag from /opt/airflow/dags/dag_pipeline.py
[2026-05-30T08:01:15.217+0000] {processor.py:840} INFO - DAG(s) 'lyonflow_traffic_pipeline' retrieved from /opt/airflow/dags/dag_pipeline.py
[2026-05-30T08:01:15.258+0000] {logging_mixin.py:188} INFO - [2026-05-30T08:01:15.258+0000] {dag.py:3096} INFO - Sync 1 DAGs
[2026-05-30T08:01:15.326+0000] {processor.py:183} INFO - Processing /opt/airflow/dags/dag_pipeline.py took 0.149 seconds
[2026-05-30T08:01:45.403+0000] {processor.py:161} INFO - Started process (PID=325) to work on /opt/airflow/dags/dag_pipeline.py
[2026-05-30T08:01:45.404+0000] {processor.py:830} INFO - Processing file /opt/airflow/dags/dag_pipeline.py for tasks to queue
[2026-05-30T08:01:45.406+0000] {logging_mixin.py:188} INFO - [2026-05-30T08:01:45.406+0000] {dagbag.py:545} INFO - Filling up the DagBag from /opt/airflow/dags/dag_pipeline.py
[2026-05-30T08:01:45.428+0000] {processor.py:840} INFO - DAG(s) 'lyonflow_traffic_pipeline' retrieved from /opt/airflow/dags/dag_pipeline.py
[2026-05-30T08:01:45.463+0000] {logging_mixin.py:188} INFO - [2026-05-30T08:01:45.462+0000] {dag.py:3096} INFO - Sync 1 DAGs
[2026-05-30T08:01:45.491+0000] {logging_mixin.py:188} INFO - [2026-05-30T08:01:45.491+0000] {dag.py:3954} INFO - Setting next_dagrun for lyonflow_traffic_pipeline to 2026-05-30 08:00:00+00:00, run_after=2026-05-30 08:05:00+00:00
[2026-05-30T08:01:45.514+0000] {processor.py:183} INFO - Processing /opt/airflow/dags/dag_pipeline.py took 0.117 seconds
[2026-05-30T08:02:15.758+0000] {processor.py:161} INFO - Started process (PID=330) to work on /opt/airflow/dags/dag_pipeline.py
[2026-05-30T08:02:15.760+0000] {processor.py:830} INFO - Processing file /opt/airflow/dags/dag_pipeline.py for tasks to queue
[2026-05-30T08:02:15.762+0000] {logging_mixin.py:188} INFO - [2026-05-30T08:02:15.762+0000] {dagbag.py:545} INFO - Filling up the DagBag from /opt/airflow/dags/dag_pipeline.py
[2026-05-30T08:02:15.786+0000] {processor.py:840} INFO - DAG(s) 'lyonflow_traffic_pipeline' retrieved from /opt/airflow/dags/dag_pipeline.py
[2026-05-30T08:02:15.826+0000] {logging_mixin.py:188} INFO - [2026-05-30T08:02:15.826+0000] {dag.py:3096} INFO - Sync 1 DAGs
[2026-05-30T08:02:15.858+0000] {logging_mixin.py:188} INFO - [2026-05-30T08:02:15.858+0000] {dag.py:3954} INFO - Setting next_dagrun for lyonflow_traffic_pipeline to 2026-05-30 08:00:00+00:00, run_after=2026-05-30 08:05:00+00:00
[2026-05-30T08:02:15.885+0000] {processor.py:183} INFO - Processing /opt/airflow/dags/dag_pipeline.py took 0.134 seconds
[2026-05-30T08:02:45.983+0000] {processor.py:161} INFO - Started process (PID=335) to work on /opt/airflow/dags/dag_pipeline.py
[2026-05-30T08:02:45.984+0000] {processor.py:830} INFO - Processing file /opt/airflow/dags/dag_pipeline.py for tasks to queue
[2026-05-30T08:02:45.986+0000] {logging_mixin.py:188} INFO - [2026-05-30T08:02:45.985+0000] {dagbag.py:545} INFO - Filling up the DagBag from /opt/airflow/dags/dag_pipeline.py
[2026-05-30T08:02:46.004+0000] {processor.py:840} INFO - DAG(s) 'lyonflow_traffic_pipeline' retrieved from /opt/airflow/dags/dag_pipeline.py
[2026-05-30T08:02:46.043+0000] {logging_mixin.py:188} INFO - [2026-05-30T08:02:46.043+0000] {dag.py:3096} INFO - Sync 1 DAGs
[2026-05-30T08:02:46.079+0000] {logging_mixin.py:188} INFO - [2026-05-30T08:02:46.078+0000] {dag.py:3954} INFO - Setting next_dagrun for lyonflow_traffic_pipeline to 2026-05-30 08:00:00+00:00, run_after=2026-05-30 08:05:00+00:00
[2026-05-30T08:02:46.108+0000] {processor.py:183} INFO - Processing /opt/airflow/dags/dag_pipeline.py took 0.132 seconds
[2026-05-30T08:03:16.351+0000] {processor.py:161} INFO - Started process (PID=340) to work on /opt/airflow/dags/dag_pipeline.py
[2026-05-30T08:03:16.352+0000] {processor.py:830} INFO - Processing file /opt/airflow/dags/dag_pipeline.py for tasks to queue
[2026-05-30T08:03:16.354+0000] {logging_mixin.py:188} INFO - [2026-05-30T08:03:16.353+0000] {dagbag.py:545} INFO - Filling up the DagBag from /opt/airflow/dags/dag_pipeline.py
[2026-05-30T08:03:16.375+0000] {processor.py:840} INFO - DAG(s) 'lyonflow_traffic_pipeline' retrieved from /opt/airflow/dags/dag_pipeline.py
[2026-05-30T08:03:16.410+0000] {logging_mixin.py:188} INFO - [2026-05-30T08:03:16.409+0000] {dag.py:3096} INFO - Sync 1 DAGs
[2026-05-30T08:03:16.435+0000] {logging_mixin.py:188} INFO - [2026-05-30T08:03:16.434+0000] {dag.py:3954} INFO - Setting next_dagrun for lyonflow_traffic_pipeline to 2026-05-30 08:00:00+00:00, run_after=2026-05-30 08:05:00+00:00
[2026-05-30T08:03:16.456+0000] {processor.py:183} INFO - Processing /opt/airflow/dags/dag_pipeline.py took 0.111 seconds
[2026-05-30T08:03:46.594+0000] {processor.py:161} INFO - Started process (PID=345) to work on /opt/airflow/dags/dag_pipeline.py
[2026-05-30T08:03:46.595+0000] {processor.py:830} INFO - Processing file /opt/airflow/dags/dag_pipeline.py for tasks to queue
[2026-05-30T08:03:46.597+0000] {logging_mixin.py:188} INFO - [2026-05-30T08:03:46.597+0000] {dagbag.py:545} INFO - Filling up the DagBag from /opt/airflow/dags/dag_pipeline.py
[2026-05-30T08:03:46.616+0000] {processor.py:840} INFO - DAG(s) 'lyonflow_traffic_pipeline' retrieved from /opt/airflow/dags/dag_pipeline.py
[2026-05-30T08:03:46.648+0000] {logging_mixin.py:188} INFO - [2026-05-30T08:03:46.648+0000] {dag.py:3096} INFO - Sync 1 DAGs
[2026-05-30T08:03:46.678+0000] {logging_mixin.py:188} INFO - [2026-05-30T08:03:46.678+0000] {dag.py:3954} INFO - Setting next_dagrun for lyonflow_traffic_pipeline to 2026-05-30 08:00:00+00:00, run_after=2026-05-30 08:05:00+00:00
[2026-05-30T08:03:46.704+0000] {processor.py:183} INFO - Processing /opt/airflow/dags/dag_pipeline.py took 0.117 seconds
[2026-05-30T08:04:16.894+0000] {processor.py:161} INFO - Started process (PID=350) to work on /opt/airflow/dags/dag_pipeline.py
[2026-05-30T08:04:16.895+0000] {processor.py:830} INFO - Processing file /opt/airflow/dags/dag_pipeline.py for tasks to queue
[2026-05-30T08:04:16.897+0000] {logging_mixin.py:188} INFO - [2026-05-30T08:04:16.896+0000] {dagbag.py:545} INFO - Filling up the DagBag from /opt/airflow/dags/dag_pipeline.py
[2026-05-30T08:04:16.917+0000] {processor.py:840} INFO - DAG(s) 'lyonflow_traffic_pipeline' retrieved from /opt/airflow/dags/dag_pipeline.py
[2026-05-30T08:04:16.948+0000] {logging_mixin.py:188} INFO - [2026-05-30T08:04:16.948+0000] {dag.py:3096} INFO - Sync 1 DAGs
[2026-05-30T08:04:16.971+0000] {logging_mixin.py:188} INFO - [2026-05-30T08:04:16.971+0000] {dag.py:3954} INFO - Setting next_dagrun for lyonflow_traffic_pipeline to 2026-05-30 08:00:00+00:00, run_after=2026-05-30 08:05:00+00:00
[2026-05-30T08:04:16.994+0000] {processor.py:183} INFO - Processing /opt/airflow/dags/dag_pipeline.py took 0.105 seconds
[2026-05-30T08:04:47.129+0000] {processor.py:161} INFO - Started process (PID=355) to work on /opt/airflow/dags/dag_pipeline.py
[2026-05-30T08:04:47.130+0000] {processor.py:830} INFO - Processing file /opt/airflow/dags/dag_pipeline.py for tasks to queue
[2026-05-30T08:04:47.133+0000] {logging_mixin.py:188} INFO - [2026-05-30T08:04:47.132+0000] {dagbag.py:545} INFO - Filling up the DagBag from /opt/airflow/dags/dag_pipeline.py
[2026-05-30T08:04:47.153+0000] {processor.py:840} INFO - DAG(s) 'lyonflow_traffic_pipeline' retrieved from /opt/airflow/dags/dag_pipeline.py
[2026-05-30T08:04:47.188+0000] {logging_mixin.py:188} INFO - [2026-05-30T08:04:47.187+0000] {dag.py:3096} INFO - Sync 1 DAGs
[2026-05-30T08:04:47.216+0000] {logging_mixin.py:188} INFO - [2026-05-30T08:04:47.216+0000] {dag.py:3954} INFO - Setting next_dagrun for lyonflow_traffic_pipeline to 2026-05-30 08:00:00+00:00, run_after=2026-05-30 08:05:00+00:00
[2026-05-30T08:04:47.240+0000] {processor.py:183} INFO - Processing /opt/airflow/dags/dag_pipeline.py took 0.120 seconds
[2026-05-30T08:05:17.446+0000] {processor.py:161} INFO - Started process (PID=365) to work on /opt/airflow/dags/dag_pipeline.py
[2026-05-30T08:05:17.446+0000] {processor.py:830} INFO - Processing file /opt/airflow/dags/dag_pipeline.py for tasks to queue
[2026-05-30T08:05:17.448+0000] {logging_mixin.py:188} INFO - [2026-05-30T08:05:17.448+0000] {dagbag.py:545} INFO - Filling up the DagBag from /opt/airflow/dags/dag_pipeline.py
[2026-05-30T08:05:17.466+0000] {processor.py:840} INFO - DAG(s) 'lyonflow_traffic_pipeline' retrieved from /opt/airflow/dags/dag_pipeline.py
[2026-05-30T08:05:17.500+0000] {logging_mixin.py:188} INFO - [2026-05-30T08:05:17.500+0000] {dag.py:3096} INFO - Sync 1 DAGs
[2026-05-30T08:05:17.546+0000] {processor.py:183} INFO - Processing /opt/airflow/dags/dag_pipeline.py took 0.107 seconds
[2026-05-30T08:05:47.681+0000] {processor.py:161} INFO - Started process (PID=370) to work on /opt/airflow/dags/dag_pipeline.py
[2026-05-30T08:05:47.682+0000] {processor.py:830} INFO - Processing file /opt/airflow/dags/dag_pipeline.py for tasks to queue
[2026-05-30T08:05:47.684+0000] {logging_mixin.py:188} INFO - [2026-05-30T08:05:47.683+0000] {dagbag.py:545} INFO - Filling up the DagBag from /opt/airflow/dags/dag_pipeline.py
[2026-05-30T08:05:47.703+0000] {processor.py:840} INFO - DAG(s) 'lyonflow_traffic_pipeline' retrieved from /opt/airflow/dags/dag_pipeline.py
[2026-05-30T08:05:47.739+0000] {logging_mixin.py:188} INFO - [2026-05-30T08:05:47.738+0000] {dag.py:3096} INFO - Sync 1 DAGs
[2026-05-30T08:05:47.786+0000] {processor.py:183} INFO - Processing /opt/airflow/dags/dag_pipeline.py took 0.112 seconds
[2026-05-30T08:06:17.988+0000] {processor.py:161} INFO - Started process (PID=375) to work on /opt/airflow/dags/dag_pipeline.py
[2026-05-30T08:06:17.989+0000] {processor.py:830} INFO - Processing file /opt/airflow/dags/dag_pipeline.py for tasks to queue
[2026-05-30T08:06:17.992+0000] {logging_mixin.py:188} INFO - [2026-05-30T08:06:17.991+0000] {dagbag.py:545} INFO - Filling up the DagBag from /opt/airflow/dags/dag_pipeline.py
[2026-05-30T08:06:18.016+0000] {processor.py:840} INFO - DAG(s) 'lyonflow_traffic_pipeline' retrieved from /opt/airflow/dags/dag_pipeline.py
[2026-05-30T08:06:18.054+0000] {logging_mixin.py:188} INFO - [2026-05-30T08:06:18.053+0000] {dag.py:3096} INFO - Sync 1 DAGs
[2026-05-30T08:06:18.104+0000] {processor.py:183} INFO - Processing /opt/airflow/dags/dag_pipeline.py took 0.124 seconds
[2026-05-30T08:06:48.211+0000] {processor.py:161} INFO - Started process (PID=380) to work on /opt/airflow/dags/dag_pipeline.py
[2026-05-30T08:06:48.212+0000] {processor.py:830} INFO - Processing file /opt/airflow/dags/dag_pipeline.py for tasks to queue
[2026-05-30T08:06:48.214+0000] {logging_mixin.py:188} INFO - [2026-05-30T08:06:48.214+0000] {dagbag.py:545} INFO - Filling up the DagBag from /opt/airflow/dags/dag_pipeline.py
[2026-05-30T08:06:48.236+0000] {processor.py:840} INFO - DAG(s) 'lyonflow_traffic_pipeline' retrieved from /opt/airflow/dags/dag_pipeline.py
[2026-05-30T08:06:48.273+0000] {logging_mixin.py:188} INFO - [2026-05-30T08:06:48.273+0000] {dag.py:3096} INFO - Sync 1 DAGs
[2026-05-30T08:06:48.303+0000] {logging_mixin.py:188} INFO - [2026-05-30T08:06:48.303+0000] {dag.py:3954} INFO - Setting next_dagrun for lyonflow_traffic_pipeline to 2026-05-30 08:05:00+00:00, run_after=2026-05-30 08:10:00+00:00
[2026-05-30T08:06:48.327+0000] {processor.py:183} INFO - Processing /opt/airflow/dags/dag_pipeline.py took 0.124 seconds
[2026-05-30T08:07:18.550+0000] {processor.py:161} INFO - Started process (PID=385) to work on /opt/airflow/dags/dag_pipeline.py
[2026-05-30T08:07:18.551+0000] {processor.py:830} INFO - Processing file /opt/airflow/dags/dag_pipeline.py for tasks to queue
[2026-05-30T08:07:18.553+0000] {logging_mixin.py:188} INFO - [2026-05-30T08:07:18.553+0000] {dagbag.py:545} INFO - Filling up the DagBag from /opt/airflow/dags/dag_pipeline.py
[2026-05-30T08:07:18.577+0000] {processor.py:840} INFO - DAG(s) 'lyonflow_traffic_pipeline' retrieved from /opt/airflow/dags/dag_pipeline.py
[2026-05-30T08:07:18.618+0000] {logging_mixin.py:188} INFO - [2026-05-30T08:07:18.617+0000] {dag.py:3096} INFO - Sync 1 DAGs
[2026-05-30T08:07:18.649+0000] {logging_mixin.py:188} INFO - [2026-05-30T08:07:18.649+0000] {dag.py:3954} INFO - Setting next_dagrun for lyonflow_traffic_pipeline to 2026-05-30 08:05:00+00:00, run_after=2026-05-30 08:10:00+00:00
[2026-05-30T08:07:18.679+0000] {processor.py:183} INFO - Processing /opt/airflow/dags/dag_pipeline.py took 0.137 seconds
[2026-05-30T08:07:48.769+0000] {processor.py:161} INFO - Started process (PID=390) to work on /opt/airflow/dags/dag_pipeline.py
[2026-05-30T08:07:48.770+0000] {processor.py:830} INFO - Processing file /opt/airflow/dags/dag_pipeline.py for tasks to queue
[2026-05-30T08:07:48.772+0000] {logging_mixin.py:188} INFO - [2026-05-30T08:07:48.771+0000] {dagbag.py:545} INFO - Filling up the DagBag from /opt/airflow/dags/dag_pipeline.py
[2026-05-30T08:07:48.790+0000] {processor.py:840} INFO - DAG(s) 'lyonflow_traffic_pipeline' retrieved from /opt/airflow/dags/dag_pipeline.py
[2026-05-30T08:07:48.821+0000] {logging_mixin.py:188} INFO - [2026-05-30T08:07:48.821+0000] {dag.py:3096} INFO - Sync 1 DAGs
[2026-05-30T08:07:48.849+0000] {logging_mixin.py:188} INFO - [2026-05-30T08:07:48.848+0000] {dag.py:3954} INFO - Setting next_dagrun for lyonflow_traffic_pipeline to 2026-05-30 08:05:00+00:00, run_after=2026-05-30 08:10:00+00:00
[2026-05-30T08:07:48.868+0000] {processor.py:183} INFO - Processing /opt/airflow/dags/dag_pipeline.py took 0.106 seconds
[2026-05-30T08:08:19.149+0000] {processor.py:161} INFO - Started process (PID=395) to work on /opt/airflow/dags/dag_pipeline.py
[2026-05-30T08:08:19.150+0000] {processor.py:830} INFO - Processing file /opt/airflow/dags/dag_pipeline.py for tasks to queue
[2026-05-30T08:08:19.152+0000] {logging_mixin.py:188} INFO - [2026-05-30T08:08:19.152+0000] {dagbag.py:545} INFO - Filling up the DagBag from /opt/airflow/dags/dag_pipeline.py
[2026-05-30T08:08:19.173+0000] {processor.py:840} INFO - DAG(s) 'lyonflow_traffic_pipeline' retrieved from /opt/airflow/dags/dag_pipeline.py
[2026-05-30T08:08:19.205+0000] {logging_mixin.py:188} INFO - [2026-05-30T08:08:19.205+0000] {dag.py:3096} INFO - Sync 1 DAGs
[2026-05-30T08:08:19.233+0000] {logging_mixin.py:188} INFO - [2026-05-30T08:08:19.233+0000] {dag.py:3954} INFO - Setting next_dagrun for lyonflow_traffic_pipeline to 2026-05-30 08:05:00+00:00, run_after=2026-05-30 08:10:00+00:00
[2026-05-30T08:08:19.259+0000] {processor.py:183} INFO - Processing /opt/airflow/dags/dag_pipeline.py took 0.115 seconds
[2026-05-30T08:08:49.371+0000] {processor.py:161} INFO - Started process (PID=400) to work on /opt/airflow/dags/dag_pipeline.py
[2026-05-30T08:08:49.372+0000] {processor.py:830} INFO - Processing file /opt/airflow/dags/dag_pipeline.py for tasks to queue
[2026-05-30T08:08:49.374+0000] {logging_mixin.py:188} INFO - [2026-05-30T08:08:49.374+0000] {dagbag.py:545} INFO - Filling up the DagBag from /opt/airflow/dags/dag_pipeline.py
[2026-05-30T08:08:49.395+0000] {processor.py:840} INFO - DAG(s) 'lyonflow_traffic_pipeline' retrieved from /opt/airflow/dags/dag_pipeline.py
[2026-05-30T08:08:49.428+0000] {logging_mixin.py:188} INFO - [2026-05-30T08:08:49.428+0000] {dag.py:3096} INFO - Sync 1 DAGs
[2026-05-30T08:08:49.452+0000] {logging_mixin.py:188} INFO - [2026-05-30T08:08:49.452+0000] {dag.py:3954} INFO - Setting next_dagrun for lyonflow_traffic_pipeline to 2026-05-30 08:05:00+00:00, run_after=2026-05-30 08:10:00+00:00
[2026-05-30T08:08:49.474+0000] {processor.py:183} INFO - Processing /opt/airflow/dags/dag_pipeline.py took 0.110 seconds
[2026-05-30T08:09:19.701+0000] {processor.py:161} INFO - Started process (PID=405) to work on /opt/airflow/dags/dag_pipeline.py
[2026-05-30T08:09:19.702+0000] {processor.py:830} INFO - Processing file /opt/airflow/dags/dag_pipeline.py for tasks to queue
[2026-05-30T08:09:19.704+0000] {logging_mixin.py:188} INFO - [2026-05-30T08:09:19.704+0000] {dagbag.py:545} INFO - Filling up the DagBag from /opt/airflow/dags/dag_pipeline.py
[2026-05-30T08:09:19.724+0000] {processor.py:840} INFO - DAG(s) 'lyonflow_traffic_pipeline' retrieved from /opt/airflow/dags/dag_pipeline.py
[2026-05-30T08:09:19.757+0000] {logging_mixin.py:188} INFO - [2026-05-30T08:09:19.757+0000] {dag.py:3096} INFO - Sync 1 DAGs
[2026-05-30T08:09:19.798+0000] {logging_mixin.py:188} INFO - [2026-05-30T08:09:19.798+0000] {dag.py:3954} INFO - Setting next_dagrun for lyonflow_traffic_pipeline to 2026-05-30 08:05:00+00:00, run_after=2026-05-30 08:10:00+00:00
[2026-05-30T08:09:19.823+0000] {processor.py:183} INFO - Processing /opt/airflow/dags/dag_pipeline.py took 0.128 seconds
[2026-05-30T08:09:49.935+0000] {processor.py:161} INFO - Started process (PID=410) to work on /opt/airflow/dags/dag_pipeline.py
[2026-05-30T08:09:49.936+0000] {processor.py:830} INFO - Processing file /opt/airflow/dags/dag_pipeline.py for tasks to queue
[2026-05-30T08:09:49.938+0000] {logging_mixin.py:188} INFO - [2026-05-30T08:09:49.938+0000] {dagbag.py:545} INFO - Filling up the DagBag from /opt/airflow/dags/dag_pipeline.py
[2026-05-30T08:09:49.958+0000] {processor.py:840} INFO - DAG(s) 'lyonflow_traffic_pipeline' retrieved from /opt/airflow/dags/dag_pipeline.py
[2026-05-30T08:09:49.995+0000] {logging_mixin.py:188} INFO - [2026-05-30T08:09:49.995+0000] {dag.py:3096} INFO - Sync 1 DAGs
[2026-05-30T08:09:50.025+0000] {logging_mixin.py:188} INFO - [2026-05-30T08:09:50.025+0000] {dag.py:3954} INFO - Setting next_dagrun for lyonflow_traffic_pipeline to 2026-05-30 08:05:00+00:00, run_after=2026-05-30 08:10:00+00:00
[2026-05-30T08:09:50.048+0000] {processor.py:183} INFO - Processing /opt/airflow/dags/dag_pipeline.py took 0.122 seconds
[2026-05-30T08:10:20.268+0000] {processor.py:161} INFO - Started process (PID=420) to work on /opt/airflow/dags/dag_pipeline.py
[2026-05-30T08:10:20.269+0000] {processor.py:830} INFO - Processing file /opt/airflow/dags/dag_pipeline.py for tasks to queue
[2026-05-30T08:10:20.271+0000] {logging_mixin.py:188} INFO - [2026-05-30T08:10:20.271+0000] {dagbag.py:545} INFO - Filling up the DagBag from /opt/airflow/dags/dag_pipeline.py
[2026-05-30T08:10:20.290+0000] {processor.py:840} INFO - DAG(s) 'lyonflow_traffic_pipeline' retrieved from /opt/airflow/dags/dag_pipeline.py
[2026-05-30T08:10:20.324+0000] {logging_mixin.py:188} INFO - [2026-05-30T08:10:20.324+0000] {dag.py:3096} INFO - Sync 1 DAGs
[2026-05-30T08:10:20.371+0000] {processor.py:183} INFO - Processing /opt/airflow/dags/dag_pipeline.py took 0.109 seconds
[2026-05-30T08:10:50.509+0000] {processor.py:161} INFO - Started process (PID=425) to work on /opt/airflow/dags/dag_pipeline.py
[2026-05-30T08:10:50.510+0000] {processor.py:830} INFO - Processing file /opt/airflow/dags/dag_pipeline.py for tasks to queue
[2026-05-30T08:10:50.513+0000] {logging_mixin.py:188} INFO - [2026-05-30T08:10:50.512+0000] {dagbag.py:545} INFO - Filling up the DagBag from /opt/airflow/dags/dag_pipeline.py
[2026-05-30T08:10:50.538+0000] {processor.py:840} INFO - DAG(s) 'lyonflow_traffic_pipeline' retrieved from /opt/airflow/dags/dag_pipeline.py
[2026-05-30T08:10:50.573+0000] {logging_mixin.py:188} INFO - [2026-05-30T08:10:50.573+0000] {dag.py:3096} INFO - Sync 1 DAGs
[2026-05-30T08:10:50.623+0000] {processor.py:183} INFO - Processing /opt/airflow/dags/dag_pipeline.py took 0.123 seconds
[2026-05-30T08:11:20.814+0000] {processor.py:161} INFO - Started process (PID=430) to work on /opt/airflow/dags/dag_pipeline.py
[2026-05-30T08:11:20.816+0000] {processor.py:830} INFO - Processing file /opt/airflow/dags/dag_pipeline.py for tasks to queue
[2026-05-30T08:11:20.818+0000] {logging_mixin.py:188} INFO - [2026-05-30T08:11:20.818+0000] {dagbag.py:545} INFO - Filling up the DagBag from /opt/airflow/dags/dag_pipeline.py
[2026-05-30T08:11:20.840+0000] {processor.py:840} INFO - DAG(s) 'lyonflow_traffic_pipeline' retrieved from /opt/airflow/dags/dag_pipeline.py
[2026-05-30T08:11:20.875+0000] {logging_mixin.py:188} INFO - [2026-05-30T08:11:20.875+0000] {dag.py:3096} INFO - Sync 1 DAGs
[2026-05-30T08:11:20.924+0000] {processor.py:183} INFO - Processing /opt/airflow/dags/dag_pipeline.py took 0.116 seconds
[2026-05-30T08:11:51.079+0000] {processor.py:161} INFO - Started process (PID=435) to work on /opt/airflow/dags/dag_pipeline.py
[2026-05-30T08:11:51.081+0000] {processor.py:830} INFO - Processing file /opt/airflow/dags/dag_pipeline.py for tasks to queue
[2026-05-30T08:11:51.084+0000] {logging_mixin.py:188} INFO - [2026-05-30T08:11:51.084+0000] {dagbag.py:545} INFO - Filling up the DagBag from /opt/airflow/dags/dag_pipeline.py
[2026-05-30T08:11:51.127+0000] {processor.py:840} INFO - DAG(s) 'lyonflow_traffic_pipeline' retrieved from /opt/airflow/dags/dag_pipeline.py
[2026-05-30T08:11:51.190+0000] {logging_mixin.py:188} INFO - [2026-05-30T08:11:51.189+0000] {dag.py:3096} INFO - Sync 1 DAGs
[2026-05-30T08:11:51.244+0000] {logging_mixin.py:188} INFO - [2026-05-30T08:11:51.243+0000] {dag.py:3954} INFO - Setting next_dagrun for lyonflow_traffic_pipeline to 2026-05-30 08:10:00+00:00, run_after=2026-05-30 08:15:00+00:00
[2026-05-30T08:11:51.284+0000] {processor.py:183} INFO - Processing /opt/airflow/dags/dag_pipeline.py took 0.220 seconds
[2026-05-30T08:12:21.350+0000] {processor.py:161} INFO - Started process (PID=440) to work on /opt/airflow/dags/dag_pipeline.py
[2026-05-30T08:12:21.351+0000] {processor.py:830} INFO - Processing file /opt/airflow/dags/dag_pipeline.py for tasks to queue
[2026-05-30T08:12:21.355+0000] {logging_mixin.py:188} INFO - [2026-05-30T08:12:21.354+0000] {dagbag.py:545} INFO - Filling up the DagBag from /opt/airflow/dags/dag_pipeline.py
[2026-05-30T08:12:21.380+0000] {processor.py:840} INFO - DAG(s) 'lyonflow_traffic_pipeline' retrieved from /opt/airflow/dags/dag_pipeline.py
[2026-05-30T08:12:21.420+0000] {logging_mixin.py:188} INFO - [2026-05-30T08:12:21.420+0000] {dag.py:3096} INFO - Sync 1 DAGs
[2026-05-30T08:12:21.452+0000] {logging_mixin.py:188} INFO - [2026-05-30T08:12:21.452+0000] {dag.py:3954} INFO - Setting next_dagrun for lyonflow_traffic_pipeline to 2026-05-30 08:10:00+00:00, run_after=2026-05-30 08:15:00+00:00
[2026-05-30T08:12:21.478+0000] {processor.py:183} INFO - Processing /opt/airflow/dags/dag_pipeline.py took 0.137 seconds
[2026-05-30T08:12:51.583+0000] {processor.py:161} INFO - Started process (PID=445) to work on /opt/airflow/dags/dag_pipeline.py
[2026-05-30T08:12:51.585+0000] {processor.py:830} INFO - Processing file /opt/airflow/dags/dag_pipeline.py for tasks to queue
[2026-05-30T08:12:51.588+0000] {logging_mixin.py:188} INFO - [2026-05-30T08:12:51.588+0000] {dagbag.py:545} INFO - Filling up the DagBag from /opt/airflow/dags/dag_pipeline.py
[2026-05-30T08:12:51.631+0000] {processor.py:840} INFO - DAG(s) 'lyonflow_traffic_pipeline' retrieved from /opt/airflow/dags/dag_pipeline.py
[2026-05-30T08:12:51.702+0000] {logging_mixin.py:188} INFO - [2026-05-30T08:12:51.701+0000] {dag.py:3096} INFO - Sync 1 DAGs
[2026-05-30T08:12:51.754+0000] {logging_mixin.py:188} INFO - [2026-05-30T08:12:51.754+0000] {dag.py:3954} INFO - Setting next_dagrun for lyonflow_traffic_pipeline to 2026-05-30 08:10:00+00:00, run_after=2026-05-30 08:15:00+00:00
[2026-05-30T08:12:51.788+0000] {processor.py:183} INFO - Processing /opt/airflow/dags/dag_pipeline.py took 0.219 seconds
[2026-05-30T08:13:21.962+0000] {processor.py:161} INFO - Started process (PID=450) to work on /opt/airflow/dags/dag_pipeline.py
[2026-05-30T08:13:21.962+0000] {processor.py:830} INFO - Processing file /opt/airflow/dags/dag_pipeline.py for tasks to queue
[2026-05-30T08:13:21.964+0000] {logging_mixin.py:188} INFO - [2026-05-30T08:13:21.964+0000] {dagbag.py:545} INFO - Filling up the DagBag from /opt/airflow/dags/dag_pipeline.py
[2026-05-30T08:13:21.982+0000] {processor.py:840} INFO - DAG(s) 'lyonflow_traffic_pipeline' retrieved from /opt/airflow/dags/dag_pipeline.py
[2026-05-30T08:13:22.016+0000] {logging_mixin.py:188} INFO - [2026-05-30T08:13:22.016+0000] {dag.py:3096} INFO - Sync 1 DAGs
[2026-05-30T08:13:22.043+0000] {logging_mixin.py:188} INFO - [2026-05-30T08:13:22.042+0000] {dag.py:3954} INFO - Setting next_dagrun for lyonflow_traffic_pipeline to 2026-05-30 08:10:00+00:00, run_after=2026-05-30 08:15:00+00:00
[2026-05-30T08:13:22.067+0000] {processor.py:183} INFO - Processing /opt/airflow/dags/dag_pipeline.py took 0.112 seconds
[2026-05-30T08:13:52.223+0000] {processor.py:161} INFO - Started process (PID=455) to work on /opt/airflow/dags/dag_pipeline.py
[2026-05-30T08:13:52.224+0000] {processor.py:830} INFO - Processing file /opt/airflow/dags/dag_pipeline.py for tasks to queue
[2026-05-30T08:13:52.226+0000] {logging_mixin.py:188} INFO - [2026-05-30T08:13:52.225+0000] {dagbag.py:545} INFO - Filling up the DagBag from /opt/airflow/dags/dag_pipeline.py
[2026-05-30T08:13:52.245+0000] {processor.py:840} INFO - DAG(s) 'lyonflow_traffic_pipeline' retrieved from /opt/airflow/dags/dag_pipeline.py
[2026-05-30T08:13:52.278+0000] {logging_mixin.py:188} INFO - [2026-05-30T08:13:52.278+0000] {dag.py:3096} INFO - Sync 1 DAGs
[2026-05-30T08:13:52.303+0000] {logging_mixin.py:188} INFO - [2026-05-30T08:13:52.302+0000] {dag.py:3954} INFO - Setting next_dagrun for lyonflow_traffic_pipeline to 2026-05-30 08:10:00+00:00, run_after=2026-05-30 08:15:00+00:00
[2026-05-30T08:13:52.326+0000] {processor.py:183} INFO - Processing /opt/airflow/dags/dag_pipeline.py took 0.110 seconds
[2026-05-30T08:14:22.504+0000] {processor.py:161} INFO - Started process (PID=460) to work on /opt/airflow/dags/dag_pipeline.py
[2026-05-30T08:14:22.505+0000] {processor.py:830} INFO - Processing file /opt/airflow/dags/dag_pipeline.py for tasks to queue
[2026-05-30T08:14:22.507+0000] {logging_mixin.py:188} INFO - [2026-05-30T08:14:22.507+0000] {dagbag.py:545} INFO - Filling up the DagBag from /opt/airflow/dags/dag_pipeline.py
[2026-05-30T08:14:22.527+0000] {processor.py:840} INFO - DAG(s) 'lyonflow_traffic_pipeline' retrieved from /opt/airflow/dags/dag_pipeline.py
[2026-05-30T08:14:22.557+0000] {logging_mixin.py:188} INFO - [2026-05-30T08:14:22.557+0000] {dag.py:3096} INFO - Sync 1 DAGs
[2026-05-30T08:14:22.584+0000] {logging_mixin.py:188} INFO - [2026-05-30T08:14:22.584+0000] {dag.py:3954} INFO - Setting next_dagrun for lyonflow_traffic_pipeline to 2026-05-30 08:10:00+00:00, run_after=2026-05-30 08:15:00+00:00
[2026-05-30T08:14:22.613+0000] {processor.py:183} INFO - Processing /opt/airflow/dags/dag_pipeline.py took 0.115 seconds
[2026-05-30T08:14:52.748+0000] {processor.py:161} INFO - Started process (PID=465) to work on /opt/airflow/dags/dag_pipeline.py
[2026-05-30T08:14:52.749+0000] {processor.py:830} INFO - Processing file /opt/airflow/dags/dag_pipeline.py for tasks to queue
[2026-05-30T08:14:52.751+0000] {logging_mixin.py:188} INFO - [2026-05-30T08:14:52.751+0000] {dagbag.py:545} INFO - Filling up the DagBag from /opt/airflow/dags/dag_pipeline.py
[2026-05-30T08:14:52.773+0000] {processor.py:840} INFO - DAG(s) 'lyonflow_traffic_pipeline' retrieved from /opt/airflow/dags/dag_pipeline.py
[2026-05-30T08:14:52.808+0000] {logging_mixin.py:188} INFO - [2026-05-30T08:14:52.808+0000] {dag.py:3096} INFO - Sync 1 DAGs
[2026-05-30T08:14:52.838+0000] {logging_mixin.py:188} INFO - [2026-05-30T08:14:52.837+0000] {dag.py:3954} INFO - Setting next_dagrun for lyonflow_traffic_pipeline to 2026-05-30 08:10:00+00:00, run_after=2026-05-30 08:15:00+00:00
[2026-05-30T08:14:52.859+0000] {processor.py:183} INFO - Processing /opt/airflow/dags/dag_pipeline.py took 0.119 seconds
[2026-05-30T08:15:23.062+0000] {processor.py:161} INFO - Started process (PID=475) to work on /opt/airflow/dags/dag_pipeline.py
[2026-05-30T08:15:23.064+0000] {processor.py:830} INFO - Processing file /opt/airflow/dags/dag_pipeline.py for tasks to queue
[2026-05-30T08:15:23.067+0000] {logging_mixin.py:188} INFO - [2026-05-30T08:15:23.066+0000] {dagbag.py:545} INFO - Filling up the DagBag from /opt/airflow/dags/dag_pipeline.py
[2026-05-30T08:15:23.095+0000] {processor.py:840} INFO - DAG(s) 'lyonflow_traffic_pipeline' retrieved from /opt/airflow/dags/dag_pipeline.py
[2026-05-30T08:15:23.140+0000] {logging_mixin.py:188} INFO - [2026-05-30T08:15:23.140+0000] {dag.py:3096} INFO - Sync 1 DAGs
[2026-05-30T08:15:23.203+0000] {processor.py:183} INFO - Processing /opt/airflow/dags/dag_pipeline.py took 0.151 seconds
[2026-05-30T08:15:53.305+0000] {processor.py:161} INFO - Started process (PID=480) to work on /opt/airflow/dags/dag_pipeline.py
[2026-05-30T08:15:53.307+0000] {processor.py:830} INFO - Processing file /opt/airflow/dags/dag_pipeline.py for tasks to queue
[2026-05-30T08:15:53.310+0000] {logging_mixin.py:188} INFO - [2026-05-30T08:15:53.309+0000] {dagbag.py:545} INFO - Filling up the DagBag from /opt/airflow/dags/dag_pipeline.py
[2026-05-30T08:15:53.335+0000] {processor.py:840} INFO - DAG(s) 'lyonflow_traffic_pipeline' retrieved from /opt/airflow/dags/dag_pipeline.py
[2026-05-30T08:15:53.378+0000] {logging_mixin.py:188} INFO - [2026-05-30T08:15:53.378+0000] {dag.py:3096} INFO - Sync 1 DAGs
[2026-05-30T08:15:53.435+0000] {processor.py:183} INFO - Processing /opt/airflow/dags/dag_pipeline.py took 0.139 seconds
[2026-05-30T08:16:23.671+0000] {processor.py:161} INFO - Started process (PID=485) to work on /opt/airflow/dags/dag_pipeline.py
[2026-05-30T08:16:23.672+0000] {processor.py:830} INFO - Processing file /opt/airflow/dags/dag_pipeline.py for tasks to queue
[2026-05-30T08:16:23.675+0000] {logging_mixin.py:188} INFO - [2026-05-30T08:16:23.674+0000] {dagbag.py:545} INFO - Filling up the DagBag from /opt/airflow/dags/dag_pipeline.py
[2026-05-30T08:16:23.699+0000] {processor.py:840} INFO - DAG(s) 'lyonflow_traffic_pipeline' retrieved from /opt/airflow/dags/dag_pipeline.py
[2026-05-30T08:16:23.737+0000] {logging_mixin.py:188} INFO - [2026-05-30T08:16:23.736+0000] {dag.py:3096} INFO - Sync 1 DAGs
[2026-05-30T08:16:23.788+0000] {processor.py:183} INFO - Processing /opt/airflow/dags/dag_pipeline.py took 0.125 seconds
[2026-05-30T08:16:53.889+0000] {processor.py:161} INFO - Started process (PID=490) to work on /opt/airflow/dags/dag_pipeline.py
[2026-05-30T08:16:53.890+0000] {processor.py:830} INFO - Processing file /opt/airflow/dags/dag_pipeline.py for tasks to queue
[2026-05-30T08:16:53.892+0000] {logging_mixin.py:188} INFO - [2026-05-30T08:16:53.891+0000] {dagbag.py:545} INFO - Filling up the DagBag from /opt/airflow/dags/dag_pipeline.py
[2026-05-30T08:16:53.916+0000] {processor.py:840} INFO - DAG(s) 'lyonflow_traffic_pipeline' retrieved from /opt/airflow/dags/dag_pipeline.py
[2026-05-30T08:16:53.958+0000] {logging_mixin.py:188} INFO - [2026-05-30T08:16:53.958+0000] {dag.py:3096} INFO - Sync 1 DAGs
[2026-05-30T08:16:53.992+0000] {logging_mixin.py:188} INFO - [2026-05-30T08:16:53.992+0000] {dag.py:3954} INFO - Setting next_dagrun for lyonflow_traffic_pipeline to 2026-05-30 08:15:00+00:00, run_after=2026-05-30 08:20:00+00:00
[2026-05-30T08:16:54.019+0000] {processor.py:183} INFO - Processing /opt/airflow/dags/dag_pipeline.py took 0.138 seconds
[2026-05-30T08:17:24.200+0000] {processor.py:161} INFO - Started process (PID=495) to work on /opt/airflow/dags/dag_pipeline.py
[2026-05-30T08:17:24.202+0000] {processor.py:830} INFO - Processing file /opt/airflow/dags/dag_pipeline.py for tasks to queue
[2026-05-30T08:17:24.204+0000] {logging_mixin.py:188} INFO - [2026-05-30T08:17:24.204+0000] {dagbag.py:545} INFO - Filling up the DagBag from /opt/airflow/dags/dag_pipeline.py
[2026-05-30T08:17:24.227+0000] {processor.py:840} INFO - DAG(s) 'lyonflow_traffic_pipeline' retrieved from /opt/airflow/dags/dag_pipeline.py
[2026-05-30T08:17:24.264+0000] {logging_mixin.py:188} INFO - [2026-05-30T08:17:24.263+0000] {dag.py:3096} INFO - Sync 1 DAGs
[2026-05-30T08:17:24.296+0000] {logging_mixin.py:188} INFO - [2026-05-30T08:17:24.296+0000] {dag.py:3954} INFO - Setting next_dagrun for lyonflow_traffic_pipeline to 2026-05-30 08:15:00+00:00, run_after=2026-05-30 08:20:00+00:00
[2026-05-30T08:17:24.322+0000] {processor.py:183} INFO - Processing /opt/airflow/dags/dag_pipeline.py took 0.129 seconds
[2026-05-30T08:17:54.462+0000] {processor.py:161} INFO - Started process (PID=500) to work on /opt/airflow/dags/dag_pipeline.py
[2026-05-30T08:17:54.466+0000] {processor.py:830} INFO - Processing file /opt/airflow/dags/dag_pipeline.py for tasks to queue
[2026-05-30T08:17:54.469+0000] {logging_mixin.py:188} INFO - [2026-05-30T08:17:54.468+0000] {dagbag.py:545} INFO - Filling up the DagBag from /opt/airflow/dags/dag_pipeline.py
[2026-05-30T08:17:54.500+0000] {processor.py:840} INFO - DAG(s) 'lyonflow_traffic_pipeline' retrieved from /opt/airflow/dags/dag_pipeline.py
[2026-05-30T08:17:54.544+0000] {logging_mixin.py:188} INFO - [2026-05-30T08:17:54.544+0000] {dag.py:3096} INFO - Sync 1 DAGs
[2026-05-30T08:17:54.590+0000] {logging_mixin.py:188} INFO - [2026-05-30T08:17:54.590+0000] {dag.py:3954} INFO - Setting next_dagrun for lyonflow_traffic_pipeline to 2026-05-30 08:15:00+00:00, run_after=2026-05-30 08:20:00+00:00
[2026-05-30T08:17:54.618+0000] {processor.py:183} INFO - Processing /opt/airflow/dags/dag_pipeline.py took 0.167 seconds
[2026-05-30T08:18:24.813+0000] {processor.py:161} INFO - Started process (PID=505) to work on /opt/airflow/dags/dag_pipeline.py
[2026-05-30T08:18:24.814+0000] {processor.py:830} INFO - Processing file /opt/airflow/dags/dag_pipeline.py for tasks to queue
[2026-05-30T08:18:24.816+0000] {logging_mixin.py:188} INFO - [2026-05-30T08:18:24.816+0000] {dagbag.py:545} INFO - Filling up the DagBag from /opt/airflow/dags/dag_pipeline.py
[2026-05-30T08:18:24.837+0000] {processor.py:840} INFO - DAG(s) 'lyonflow_traffic_pipeline' retrieved from /opt/airflow/dags/dag_pipeline.py
[2026-05-30T08:18:24.869+0000] {logging_mixin.py:188} INFO - [2026-05-30T08:18:24.868+0000] {dag.py:3096} INFO - Sync 1 DAGs
[2026-05-30T08:18:24.892+0000] {logging_mixin.py:188} INFO - [2026-05-30T08:18:24.891+0000] {dag.py:3954} INFO - Setting next_dagrun for lyonflow_traffic_pipeline to 2026-05-30 08:15:00+00:00, run_after=2026-05-30 08:20:00+00:00
[2026-05-30T08:18:24.918+0000] {processor.py:183} INFO - Processing /opt/airflow/dags/dag_pipeline.py took 0.111 seconds
[2026-05-30T08:18:55.037+0000] {processor.py:161} INFO - Started process (PID=510) to work on /opt/airflow/dags/dag_pipeline.py
[2026-05-30T08:18:55.038+0000] {processor.py:830} INFO - Processing file /opt/airflow/dags/dag_pipeline.py for tasks to queue
[2026-05-30T08:18:55.041+0000] {logging_mixin.py:188} INFO - [2026-05-30T08:18:55.040+0000] {dagbag.py:545} INFO - Filling up the DagBag from /opt/airflow/dags/dag_pipeline.py
[2026-05-30T08:18:55.063+0000] {processor.py:840} INFO - DAG(s) 'lyonflow_traffic_pipeline' retrieved from /opt/airflow/dags/dag_pipeline.py
[2026-05-30T08:18:55.101+0000] {logging_mixin.py:188} INFO - [2026-05-30T08:18:55.101+0000] {dag.py:3096} INFO - Sync 1 DAGs
[2026-05-30T08:18:55.128+0000] {logging_mixin.py:188} INFO - [2026-05-30T08:18:55.128+0000] {dag.py:3954} INFO - Setting next_dagrun for lyonflow_traffic_pipeline to 2026-05-30 08:15:00+00:00, run_after=2026-05-30 08:20:00+00:00
[2026-05-30T08:18:55.154+0000] {processor.py:183} INFO - Processing /opt/airflow/dags/dag_pipeline.py took 0.125 seconds
[2026-05-30T08:19:25.346+0000] {processor.py:161} INFO - Started process (PID=515) to work on /opt/airflow/dags/dag_pipeline.py
[2026-05-30T08:19:25.347+0000] {processor.py:830} INFO - Processing file /opt/airflow/dags/dag_pipeline.py for tasks to queue
[2026-05-30T08:19:25.350+0000] {logging_mixin.py:188} INFO - [2026-05-30T08:19:25.349+0000] {dagbag.py:545} INFO - Filling up the DagBag from /opt/airflow/dags/dag_pipeline.py
[2026-05-30T08:19:25.370+0000] {processor.py:840} INFO - DAG(s) 'lyonflow_traffic_pipeline' retrieved from /opt/airflow/dags/dag_pipeline.py
[2026-05-30T08:19:25.406+0000] {logging_mixin.py:188} INFO - [2026-05-30T08:19:25.406+0000] {dag.py:3096} INFO - Sync 1 DAGs
[2026-05-30T08:19:25.434+0000] {logging_mixin.py:188} INFO - [2026-05-30T08:19:25.433+0000] {dag.py:3954} INFO - Setting next_dagrun for lyonflow_traffic_pipeline to 2026-05-30 08:15:00+00:00, run_after=2026-05-30 08:20:00+00:00
[2026-05-30T08:19:25.461+0000] {processor.py:183} INFO - Processing /opt/airflow/dags/dag_pipeline.py took 0.124 seconds
[2026-05-30T08:19:55.584+0000] {processor.py:161} INFO - Started process (PID=520) to work on /opt/airflow/dags/dag_pipeline.py
[2026-05-30T08:19:55.585+0000] {processor.py:830} INFO - Processing file /opt/airflow/dags/dag_pipeline.py for tasks to queue
[2026-05-30T08:19:55.586+0000] {logging_mixin.py:188} INFO - [2026-05-30T08:19:55.586+0000] {dagbag.py:545} INFO - Filling up the DagBag from /opt/airflow/dags/dag_pipeline.py
[2026-05-30T08:19:55.604+0000] {processor.py:840} INFO - DAG(s) 'lyonflow_traffic_pipeline' retrieved from /opt/airflow/dags/dag_pipeline.py
[2026-05-30T08:19:55.635+0000] {logging_mixin.py:188} INFO - [2026-05-30T08:19:55.634+0000] {dag.py:3096} INFO - Sync 1 DAGs
[2026-05-30T08:19:55.665+0000] {logging_mixin.py:188} INFO - [2026-05-30T08:19:55.665+0000] {dag.py:3954} INFO - Setting next_dagrun for lyonflow_traffic_pipeline to 2026-05-30 08:15:00+00:00, run_after=2026-05-30 08:20:00+00:00
[2026-05-30T08:19:55.688+0000] {processor.py:183} INFO - Processing /opt/airflow/dags/dag_pipeline.py took 0.111 seconds
[2026-05-30T08:20:25.888+0000] {processor.py:161} INFO - Started process (PID=530) to work on /opt/airflow/dags/dag_pipeline.py
[2026-05-30T08:20:25.888+0000] {processor.py:830} INFO - Processing file /opt/airflow/dags/dag_pipeline.py for tasks to queue
[2026-05-30T08:20:25.890+0000] {logging_mixin.py:188} INFO - [2026-05-30T08:20:25.890+0000] {dagbag.py:545} INFO - Filling up the DagBag from /opt/airflow/dags/dag_pipeline.py
[2026-05-30T08:20:25.909+0000] {processor.py:840} INFO - DAG(s) 'lyonflow_traffic_pipeline' retrieved from /opt/airflow/dags/dag_pipeline.py
[2026-05-30T08:20:25.944+0000] {logging_mixin.py:188} INFO - [2026-05-30T08:20:25.943+0000] {dag.py:3096} INFO - Sync 1 DAGs
[2026-05-30T08:20:25.992+0000] {processor.py:183} INFO - Processing /opt/airflow/dags/dag_pipeline.py took 0.111 seconds
[2026-05-30T08:20:56.110+0000] {processor.py:161} INFO - Started process (PID=535) to work on /opt/airflow/dags/dag_pipeline.py
[2026-05-30T08:20:56.110+0000] {processor.py:830} INFO - Processing file /opt/airflow/dags/dag_pipeline.py for tasks to queue
[2026-05-30T08:20:56.112+0000] {logging_mixin.py:188} INFO - [2026-05-30T08:20:56.112+0000] {dagbag.py:545} INFO - Filling up the DagBag from /opt/airflow/dags/dag_pipeline.py
[2026-05-30T08:20:56.132+0000] {processor.py:840} INFO - DAG(s) 'lyonflow_traffic_pipeline' retrieved from /opt/airflow/dags/dag_pipeline.py
[2026-05-30T08:20:56.167+0000] {logging_mixin.py:188} INFO - [2026-05-30T08:20:56.166+0000] {dag.py:3096} INFO - Sync 1 DAGs
[2026-05-30T08:20:56.224+0000] {processor.py:183} INFO - Processing /opt/airflow/dags/dag_pipeline.py took 0.122 seconds
[2026-05-30T08:21:26.412+0000] {processor.py:161} INFO - Started process (PID=540) to work on /opt/airflow/dags/dag_pipeline.py
[2026-05-30T08:21:26.413+0000] {processor.py:830} INFO - Processing file /opt/airflow/dags/dag_pipeline.py for tasks to queue
[2026-05-30T08:21:26.416+0000] {logging_mixin.py:188} INFO - [2026-05-30T08:21:26.416+0000] {dagbag.py:545} INFO - Filling up the DagBag from /opt/airflow/dags/dag_pipeline.py
[2026-05-30T08:21:26.437+0000] {processor.py:840} INFO - DAG(s) 'lyonflow_traffic_pipeline' retrieved from /opt/airflow/dags/dag_pipeline.py
[2026-05-30T08:21:26.474+0000] {logging_mixin.py:188} INFO - [2026-05-30T08:21:26.474+0000] {dag.py:3096} INFO - Sync 1 DAGs
[2026-05-30T08:21:26.526+0000] {processor.py:183} INFO - Processing /opt/airflow/dags/dag_pipeline.py took 0.122 seconds
[2026-05-30T08:21:56.637+0000] {processor.py:161} INFO - Started process (PID=545) to work on /opt/airflow/dags/dag_pipeline.py
[2026-05-30T08:21:56.638+0000] {processor.py:830} INFO - Processing file /opt/airflow/dags/dag_pipeline.py for tasks to queue
[2026-05-30T08:21:56.640+0000] {logging_mixin.py:188} INFO - [2026-05-30T08:21:56.639+0000] {dagbag.py:545} INFO - Filling up the DagBag from /opt/airflow/dags/dag_pipeline.py
[2026-05-30T08:21:56.658+0000] {processor.py:840} INFO - DAG(s) 'lyonflow_traffic_pipeline' retrieved from /opt/airflow/dags/dag_pipeline.py
[2026-05-30T08:21:56.689+0000] {logging_mixin.py:188} INFO - [2026-05-30T08:21:56.688+0000] {dag.py:3096} INFO - Sync 1 DAGs
[2026-05-30T08:21:56.713+0000] {logging_mixin.py:188} INFO - [2026-05-30T08:21:56.713+0000] {dag.py:3954} INFO - Setting next_dagrun for lyonflow_traffic_pipeline to 2026-05-30 08:20:00+00:00, run_after=2026-05-30 08:25:00+00:00
[2026-05-30T08:21:56.736+0000] {processor.py:183} INFO - Processing /opt/airflow/dags/dag_pipeline.py took 0.106 seconds
[2026-05-30T08:22:26.950+0000] {processor.py:161} INFO - Started process (PID=550) to work on /opt/airflow/dags/dag_pipeline.py
[2026-05-30T08:22:26.951+0000] {processor.py:830} INFO - Processing file /opt/airflow/dags/dag_pipeline.py for tasks to queue
[2026-05-30T08:22:26.953+0000] {logging_mixin.py:188} INFO - [2026-05-30T08:22:26.953+0000] {dagbag.py:545} INFO - Filling up the DagBag from /opt/airflow/dags/dag_pipeline.py
[2026-05-30T08:22:26.974+0000] {processor.py:840} INFO - DAG(s) 'lyonflow_traffic_pipeline' retrieved from /opt/airflow/dags/dag_pipeline.py
[2026-05-30T08:22:27.010+0000] {logging_mixin.py:188} INFO - [2026-05-30T08:22:27.010+0000] {dag.py:3096} INFO - Sync 1 DAGs
[2026-05-30T08:22:27.040+0000] {logging_mixin.py:188} INFO - [2026-05-30T08:22:27.039+0000] {dag.py:3954} INFO - Setting next_dagrun for lyonflow_traffic_pipeline to 2026-05-30 08:20:00+00:00, run_after=2026-05-30 08:25:00+00:00
[2026-05-30T08:22:27.066+0000] {processor.py:183} INFO - Processing /opt/airflow/dags/dag_pipeline.py took 0.123 seconds
[2026-05-30T08:22:57.171+0000] {processor.py:161} INFO - Started process (PID=555) to work on /opt/airflow/dags/dag_pipeline.py
[2026-05-30T08:22:57.172+0000] {processor.py:830} INFO - Processing file /opt/airflow/dags/dag_pipeline.py for tasks to queue
[2026-05-30T08:22:57.175+0000] {logging_mixin.py:188} INFO - [2026-05-30T08:22:57.174+0000] {dagbag.py:545} INFO - Filling up the DagBag from /opt/airflow/dags/dag_pipeline.py
[2026-05-30T08:22:57.193+0000] {processor.py:840} INFO - DAG(s) 'lyonflow_traffic_pipeline' retrieved from /opt/airflow/dags/dag_pipeline.py
[2026-05-30T08:22:57.233+0000] {logging_mixin.py:188} INFO - [2026-05-30T08:22:57.232+0000] {dag.py:3096} INFO - Sync 1 DAGs
[2026-05-30T08:22:57.264+0000] {logging_mixin.py:188} INFO - [2026-05-30T08:22:57.264+0000] {dag.py:3954} INFO - Setting next_dagrun for lyonflow_traffic_pipeline to 2026-05-30 08:20:00+00:00, run_after=2026-05-30 08:25:00+00:00
[2026-05-30T08:22:57.288+0000] {processor.py:183} INFO - Processing /opt/airflow/dags/dag_pipeline.py took 0.124 seconds
[2026-05-30T08:23:27.518+0000] {processor.py:161} INFO - Started process (PID=560) to work on /opt/airflow/dags/dag_pipeline.py
[2026-05-30T08:23:27.519+0000] {processor.py:830} INFO - Processing file /opt/airflow/dags/dag_pipeline.py for tasks to queue
[2026-05-30T08:23:27.521+0000] {logging_mixin.py:188} INFO - [2026-05-30T08:23:27.521+0000] {dagbag.py:545} INFO - Filling up the DagBag from /opt/airflow/dags/dag_pipeline.py
[2026-05-30T08:23:27.539+0000] {processor.py:840} INFO - DAG(s) 'lyonflow_traffic_pipeline' retrieved from /opt/airflow/dags/dag_pipeline.py
[2026-05-30T08:23:27.575+0000] {logging_mixin.py:188} INFO - [2026-05-30T08:23:27.574+0000] {dag.py:3096} INFO - Sync 1 DAGs
[2026-05-30T08:23:27.608+0000] {logging_mixin.py:188} INFO - [2026-05-30T08:23:27.607+0000] {dag.py:3954} INFO - Setting next_dagrun for lyonflow_traffic_pipeline to 2026-05-30 08:20:00+00:00, run_after=2026-05-30 08:25:00+00:00
[2026-05-30T08:23:27.632+0000] {processor.py:183} INFO - Processing /opt/airflow/dags/dag_pipeline.py took 0.120 seconds
[2026-05-30T08:23:57.740+0000] {processor.py:161} INFO - Started process (PID=565) to work on /opt/airflow/dags/dag_pipeline.py
[2026-05-30T08:23:57.741+0000] {processor.py:830} INFO - Processing file /opt/airflow/dags/dag_pipeline.py for tasks to queue
[2026-05-30T08:23:57.743+0000] {logging_mixin.py:188} INFO - [2026-05-30T08:23:57.742+0000] {dagbag.py:545} INFO - Filling up the DagBag from /opt/airflow/dags/dag_pipeline.py
[2026-05-30T08:23:57.761+0000] {processor.py:840} INFO - DAG(s) 'lyonflow_traffic_pipeline' retrieved from /opt/airflow/dags/dag_pipeline.py
[2026-05-30T08:23:57.803+0000] {logging_mixin.py:188} INFO - [2026-05-30T08:23:57.803+0000] {dag.py:3096} INFO - Sync 1 DAGs
[2026-05-30T08:23:57.836+0000] {logging_mixin.py:188} INFO - [2026-05-30T08:23:57.836+0000] {dag.py:3954} INFO - Setting next_dagrun for lyonflow_traffic_pipeline to 2026-05-30 08:20:00+00:00, run_after=2026-05-30 08:25:00+00:00
[2026-05-30T08:23:57.858+0000] {processor.py:183} INFO - Processing /opt/airflow/dags/dag_pipeline.py took 0.124 seconds
[2026-05-30T08:24:28.065+0000] {processor.py:161} INFO - Started process (PID=570) to work on /opt/airflow/dags/dag_pipeline.py
[2026-05-30T08:24:28.066+0000] {processor.py:830} INFO - Processing file /opt/airflow/dags/dag_pipeline.py for tasks to queue
[2026-05-30T08:24:28.068+0000] {logging_mixin.py:188} INFO - [2026-05-30T08:24:28.067+0000] {dagbag.py:545} INFO - Filling up the DagBag from /opt/airflow/dags/dag_pipeline.py
[2026-05-30T08:24:28.084+0000] {processor.py:840} INFO - DAG(s) 'lyonflow_traffic_pipeline' retrieved from /opt/airflow/dags/dag_pipeline.py
[2026-05-30T08:24:28.113+0000] {logging_mixin.py:188} INFO - [2026-05-30T08:24:28.113+0000] {dag.py:3096} INFO - Sync 1 DAGs
[2026-05-30T08:24:28.136+0000] {logging_mixin.py:188} INFO - [2026-05-30T08:24:28.136+0000] {dag.py:3954} INFO - Setting next_dagrun for lyonflow_traffic_pipeline to 2026-05-30 08:20:00+00:00, run_after=2026-05-30 08:25:00+00:00
[2026-05-30T08:24:28.159+0000] {processor.py:183} INFO - Processing /opt/airflow/dags/dag_pipeline.py took 0.100 seconds
[2026-05-30T08:24:58.294+0000] {processor.py:161} INFO - Started process (PID=575) to work on /opt/airflow/dags/dag_pipeline.py
[2026-05-30T08:24:58.295+0000] {processor.py:830} INFO - Processing file /opt/airflow/dags/dag_pipeline.py for tasks to queue
[2026-05-30T08:24:58.297+0000] {logging_mixin.py:188} INFO - [2026-05-30T08:24:58.297+0000] {dagbag.py:545} INFO - Filling up the DagBag from /opt/airflow/dags/dag_pipeline.py
[2026-05-30T08:24:58.321+0000] {processor.py:840} INFO - DAG(s) 'lyonflow_traffic_pipeline' retrieved from /opt/airflow/dags/dag_pipeline.py
[2026-05-30T08:24:58.356+0000] {logging_mixin.py:188} INFO - [2026-05-30T08:24:58.356+0000] {dag.py:3096} INFO - Sync 1 DAGs
[2026-05-30T08:24:58.382+0000] {logging_mixin.py:188} INFO - [2026-05-30T08:24:58.381+0000] {dag.py:3954} INFO - Setting next_dagrun for lyonflow_traffic_pipeline to 2026-05-30 08:20:00+00:00, run_after=2026-05-30 08:25:00+00:00
[2026-05-30T08:24:58.406+0000] {processor.py:183} INFO - Processing /opt/airflow/dags/dag_pipeline.py took 0.119 seconds
[2026-05-30T08:25:28.600+0000] {processor.py:161} INFO - Started process (PID=585) to work on /opt/airflow/dags/dag_pipeline.py
[2026-05-30T08:25:28.601+0000] {processor.py:830} INFO - Processing file /opt/airflow/dags/dag_pipeline.py for tasks to queue
[2026-05-30T08:25:28.603+0000] {logging_mixin.py:188} INFO - [2026-05-30T08:25:28.603+0000] {dagbag.py:545} INFO - Filling up the DagBag from /opt/airflow/dags/dag_pipeline.py
[2026-05-30T08:25:28.623+0000] {processor.py:840} INFO - DAG(s) 'lyonflow_traffic_pipeline' retrieved from /opt/airflow/dags/dag_pipeline.py
[2026-05-30T08:25:28.658+0000] {logging_mixin.py:188} INFO - [2026-05-30T08:25:28.658+0000] {dag.py:3096} INFO - Sync 1 DAGs
[2026-05-30T08:25:28.710+0000] {processor.py:183} INFO - Processing /opt/airflow/dags/dag_pipeline.py took 0.117 seconds
[2026-05-30T08:25:58.834+0000] {processor.py:161} INFO - Started process (PID=590) to work on /opt/airflow/dags/dag_pipeline.py
[2026-05-30T08:25:58.835+0000] {processor.py:830} INFO - Processing file /opt/airflow/dags/dag_pipeline.py for tasks to queue
[2026-05-30T08:25:58.837+0000] {logging_mixin.py:188} INFO - [2026-05-30T08:25:58.837+0000] {dagbag.py:545} INFO - Filling up the DagBag from /opt/airflow/dags/dag_pipeline.py
[2026-05-30T08:25:58.855+0000] {processor.py:840} INFO - DAG(s) 'lyonflow_traffic_pipeline' retrieved from /opt/airflow/dags/dag_pipeline.py
[2026-05-30T08:25:58.894+0000] {logging_mixin.py:188} INFO - [2026-05-30T08:25:58.893+0000] {dag.py:3096} INFO - Sync 1 DAGs
[2026-05-30T08:25:58.943+0000] {processor.py:183} INFO - Processing /opt/airflow/dags/dag_pipeline.py took 0.116 seconds
[2026-05-30T08:26:29.156+0000] {processor.py:161} INFO - Started process (PID=595) to work on /opt/airflow/dags/dag_pipeline.py
[2026-05-30T08:26:29.157+0000] {processor.py:830} INFO - Processing file /opt/airflow/dags/dag_pipeline.py for tasks to queue
[2026-05-30T08:26:29.159+0000] {logging_mixin.py:188} INFO - [2026-05-30T08:26:29.159+0000] {dagbag.py:545} INFO - Filling up the DagBag from /opt/airflow/dags/dag_pipeline.py
[2026-05-30T08:26:29.179+0000] {processor.py:840} INFO - DAG(s) 'lyonflow_traffic_pipeline' retrieved from /opt/airflow/dags/dag_pipeline.py
[2026-05-30T08:26:29.213+0000] {logging_mixin.py:188} INFO - [2026-05-30T08:26:29.213+0000] {dag.py:3096} INFO - Sync 1 DAGs
[2026-05-30T08:26:29.265+0000] {processor.py:183} INFO - Processing /opt/airflow/dags/dag_pipeline.py took 0.116 seconds
[2026-05-30T08:26:59.379+0000] {processor.py:161} INFO - Started process (PID=600) to work on /opt/airflow/dags/dag_pipeline.py
[2026-05-30T08:26:59.380+0000] {processor.py:830} INFO - Processing file /opt/airflow/dags/dag_pipeline.py for tasks to queue
[2026-05-30T08:26:59.383+0000] {logging_mixin.py:188} INFO - [2026-05-30T08:26:59.383+0000] {dagbag.py:545} INFO - Filling up the DagBag from /opt/airflow/dags/dag_pipeline.py
[2026-05-30T08:26:59.402+0000] {processor.py:840} INFO - DAG(s) 'lyonflow_traffic_pipeline' retrieved from /opt/airflow/dags/dag_pipeline.py
[2026-05-30T08:26:59.433+0000] {logging_mixin.py:188} INFO - [2026-05-30T08:26:59.433+0000] {dag.py:3096} INFO - Sync 1 DAGs
[2026-05-30T08:26:59.457+0000] {logging_mixin.py:188} INFO - [2026-05-30T08:26:59.457+0000] {dag.py:3954} INFO - Setting next_dagrun for lyonflow_traffic_pipeline to 2026-05-30 08:25:00+00:00, run_after=2026-05-30 08:30:00+00:00
[2026-05-30T08:26:59.484+0000] {processor.py:183} INFO - Processing /opt/airflow/dags/dag_pipeline.py took 0.111 seconds
[2026-05-30T08:27:29.711+0000] {processor.py:161} INFO - Started process (PID=605) to work on /opt/airflow/dags/dag_pipeline.py
[2026-05-30T08:27:29.712+0000] {processor.py:830} INFO - Processing file /opt/airflow/dags/dag_pipeline.py for tasks to queue
[2026-05-30T08:27:29.714+0000] {logging_mixin.py:188} INFO - [2026-05-30T08:27:29.714+0000] {dagbag.py:545} INFO - Filling up the DagBag from /opt/airflow/dags/dag_pipeline.py
[2026-05-30T08:27:29.731+0000] {processor.py:840} INFO - DAG(s) 'lyonflow_traffic_pipeline' retrieved from /opt/airflow/dags/dag_pipeline.py
[2026-05-30T08:27:29.770+0000] {logging_mixin.py:188} INFO - [2026-05-30T08:27:29.770+0000] {dag.py:3096} INFO - Sync 1 DAGs
[2026-05-30T08:27:29.796+0000] {logging_mixin.py:188} INFO - [2026-05-30T08:27:29.796+0000] {dag.py:3954} INFO - Setting next_dagrun for lyonflow_traffic_pipeline to 2026-05-30 08:25:00+00:00, run_after=2026-05-30 08:30:00+00:00
[2026-05-30T08:27:29.818+0000] {processor.py:183} INFO - Processing /opt/airflow/dags/dag_pipeline.py took 0.113 seconds
[2026-05-30T08:27:59.939+0000] {processor.py:161} INFO - Started process (PID=610) to work on /opt/airflow/dags/dag_pipeline.py
[2026-05-30T08:27:59.940+0000] {processor.py:830} INFO - Processing file /opt/airflow/dags/dag_pipeline.py for tasks to queue
[2026-05-30T08:27:59.942+0000] {logging_mixin.py:188} INFO - [2026-05-30T08:27:59.942+0000] {dagbag.py:545} INFO - Filling up the DagBag from /opt/airflow/dags/dag_pipeline.py
[2026-05-30T08:27:59.962+0000] {processor.py:840} INFO - DAG(s) 'lyonflow_traffic_pipeline' retrieved from /opt/airflow/dags/dag_pipeline.py
[2026-05-30T08:27:59.995+0000] {logging_mixin.py:188} INFO - [2026-05-30T08:27:59.995+0000] {dag.py:3096} INFO - Sync 1 DAGs
[2026-05-30T08:28:00.024+0000] {logging_mixin.py:188} INFO - [2026-05-30T08:28:00.024+0000] {dag.py:3954} INFO - Setting next_dagrun for lyonflow_traffic_pipeline to 2026-05-30 08:25:00+00:00, run_after=2026-05-30 08:30:00+00:00
[2026-05-30T08:28:00.049+0000] {processor.py:183} INFO - Processing /opt/airflow/dags/dag_pipeline.py took 0.116 seconds
[2026-05-30T08:28:30.296+0000] {processor.py:161} INFO - Started process (PID=615) to work on /opt/airflow/dags/dag_pipeline.py
[2026-05-30T08:28:30.297+0000] {processor.py:830} INFO - Processing file /opt/airflow/dags/dag_pipeline.py for tasks to queue
[2026-05-30T08:28:30.299+0000] {logging_mixin.py:188} INFO - [2026-05-30T08:28:30.298+0000] {dagbag.py:545} INFO - Filling up the DagBag from /opt/airflow/dags/dag_pipeline.py
[2026-05-30T08:28:30.317+0000] {processor.py:840} INFO - DAG(s) 'lyonflow_traffic_pipeline' retrieved from /opt/airflow/dags/dag_pipeline.py
[2026-05-30T08:28:30.352+0000] {logging_mixin.py:188} INFO - [2026-05-30T08:28:30.351+0000] {dag.py:3096} INFO - Sync 1 DAGs
[2026-05-30T08:28:30.381+0000] {logging_mixin.py:188} INFO - [2026-05-30T08:28:30.381+0000] {dag.py:3954} INFO - Setting next_dagrun for lyonflow_traffic_pipeline to 2026-05-30 08:25:00+00:00, run_after=2026-05-30 08:30:00+00:00
[2026-05-30T08:28:30.404+0000] {processor.py:183} INFO - Processing /opt/airflow/dags/dag_pipeline.py took 0.115 seconds
[2026-05-30T08:29:00.528+0000] {processor.py:161} INFO - Started process (PID=620) to work on /opt/airflow/dags/dag_pipeline.py
[2026-05-30T08:29:00.529+0000] {processor.py:830} INFO - Processing file /opt/airflow/dags/dag_pipeline.py for tasks to queue
[2026-05-30T08:29:00.531+0000] {logging_mixin.py:188} INFO - [2026-05-30T08:29:00.531+0000] {dagbag.py:545} INFO - Filling up the DagBag from /opt/airflow/dags/dag_pipeline.py
[2026-05-30T08:29:00.551+0000] {processor.py:840} INFO - DAG(s) 'lyonflow_traffic_pipeline' retrieved from /opt/airflow/dags/dag_pipeline.py
[2026-05-30T08:29:00.592+0000] {logging_mixin.py:188} INFO - [2026-05-30T08:29:00.591+0000] {dag.py:3096} INFO - Sync 1 DAGs
[2026-05-30T08:29:00.623+0000] {logging_mixin.py:188} INFO - [2026-05-30T08:29:00.623+0000] {dag.py:3954} INFO - Setting next_dagrun for lyonflow_traffic_pipeline to 2026-05-30 08:25:00+00:00, run_after=2026-05-30 08:30:00+00:00
[2026-05-30T08:29:00.648+0000] {processor.py:183} INFO - Processing /opt/airflow/dags/dag_pipeline.py took 0.128 seconds
[2026-05-30T08:29:30.832+0000] {processor.py:161} INFO - Started process (PID=625) to work on /opt/airflow/dags/dag_pipeline.py
[2026-05-30T08:29:30.833+0000] {processor.py:830} INFO - Processing file /opt/airflow/dags/dag_pipeline.py for tasks to queue
[2026-05-30T08:29:30.835+0000] {logging_mixin.py:188} INFO - [2026-05-30T08:29:30.834+0000] {dagbag.py:545} INFO - Filling up the DagBag from /opt/airflow/dags/dag_pipeline.py
[2026-05-30T08:29:30.853+0000] {processor.py:840} INFO - DAG(s) 'lyonflow_traffic_pipeline' retrieved from /opt/airflow/dags/dag_pipeline.py
[2026-05-30T08:29:30.887+0000] {logging_mixin.py:188} INFO - [2026-05-30T08:29:30.887+0000] {dag.py:3096} INFO - Sync 1 DAGs
[2026-05-30T08:29:30.915+0000] {logging_mixin.py:188} INFO - [2026-05-30T08:29:30.914+0000] {dag.py:3954} INFO - Setting next_dagrun for lyonflow_traffic_pipeline to 2026-05-30 08:25:00+00:00, run_after=2026-05-30 08:30:00+00:00
[2026-05-30T08:29:30.941+0000] {processor.py:183} INFO - Processing /opt/airflow/dags/dag_pipeline.py took 0.116 seconds
[2026-05-30T08:30:01.065+0000] {processor.py:161} INFO - Started process (PID=632) to work on /opt/airflow/dags/dag_pipeline.py
[2026-05-30T08:30:01.065+0000] {processor.py:830} INFO - Processing file /opt/airflow/dags/dag_pipeline.py for tasks to queue
[2026-05-30T08:30:01.067+0000] {logging_mixin.py:188} INFO - [2026-05-30T08:30:01.067+0000] {dagbag.py:545} INFO - Filling up the DagBag from /opt/airflow/dags/dag_pipeline.py
[2026-05-30T08:30:01.085+0000] {processor.py:840} INFO - DAG(s) 'lyonflow_traffic_pipeline' retrieved from /opt/airflow/dags/dag_pipeline.py
[2026-05-30T08:30:01.116+0000] {logging_mixin.py:188} INFO - [2026-05-30T08:30:01.116+0000] {dag.py:3096} INFO - Sync 1 DAGs
[2026-05-30T08:30:01.160+0000] {processor.py:183} INFO - Processing /opt/airflow/dags/dag_pipeline.py took 0.101 seconds
[2026-05-30T08:30:31.364+0000] {processor.py:161} INFO - Started process (PID=640) to work on /opt/airflow/dags/dag_pipeline.py
[2026-05-30T08:30:31.365+0000] {processor.py:830} INFO - Processing file /opt/airflow/dags/dag_pipeline.py for tasks to queue
[2026-05-30T08:30:31.367+0000] {logging_mixin.py:188} INFO - [2026-05-30T08:30:31.367+0000] {dagbag.py:545} INFO - Filling up the DagBag from /opt/airflow/dags/dag_pipeline.py
[2026-05-30T08:30:31.389+0000] {processor.py:840} INFO - DAG(s) 'lyonflow_traffic_pipeline' retrieved from /opt/airflow/dags/dag_pipeline.py
[2026-05-30T08:30:31.421+0000] {logging_mixin.py:188} INFO - [2026-05-30T08:30:31.421+0000] {dag.py:3096} INFO - Sync 1 DAGs
[2026-05-30T08:30:31.467+0000] {processor.py:183} INFO - Processing /opt/airflow/dags/dag_pipeline.py took 0.109 seconds
[2026-05-30T08:31:01.592+0000] {processor.py:161} INFO - Started process (PID=645) to work on /opt/airflow/dags/dag_pipeline.py
[2026-05-30T08:31:01.594+0000] {processor.py:830} INFO - Processing file /opt/airflow/dags/dag_pipeline.py for tasks to queue
[2026-05-30T08:31:01.599+0000] {logging_mixin.py:188} INFO - [2026-05-30T08:31:01.598+0000] {dagbag.py:545} INFO - Filling up the DagBag from /opt/airflow/dags/dag_pipeline.py
[2026-05-30T08:31:01.639+0000] {processor.py:840} INFO - DAG(s) 'lyonflow_traffic_pipeline' retrieved from /opt/airflow/dags/dag_pipeline.py
[2026-05-30T08:31:01.673+0000] {logging_mixin.py:188} INFO - [2026-05-30T08:31:01.673+0000] {dag.py:3096} INFO - Sync 1 DAGs
[2026-05-30T08:31:01.717+0000] {processor.py:183} INFO - Processing /opt/airflow/dags/dag_pipeline.py took 0.143 seconds
[2026-05-30T08:31:31.903+0000] {processor.py:161} INFO - Started process (PID=650) to work on /opt/airflow/dags/dag_pipeline.py
[2026-05-30T08:31:31.905+0000] {processor.py:830} INFO - Processing file /opt/airflow/dags/dag_pipeline.py for tasks to queue
[2026-05-30T08:31:31.911+0000] {logging_mixin.py:188} INFO - [2026-05-30T08:31:31.910+0000] {dagbag.py:545} INFO - Filling up the DagBag from /opt/airflow/dags/dag_pipeline.py
[2026-05-30T08:31:31.950+0000] {processor.py:840} INFO - DAG(s) 'lyonflow_traffic_pipeline' retrieved from /opt/airflow/dags/dag_pipeline.py
[2026-05-30T08:31:31.997+0000] {logging_mixin.py:188} INFO - [2026-05-30T08:31:31.997+0000] {dag.py:3096} INFO - Sync 1 DAGs
[2026-05-30T08:31:32.047+0000] {processor.py:183} INFO - Processing /opt/airflow/dags/dag_pipeline.py took 0.164 seconds
[2026-05-30T08:32:02.156+0000] {processor.py:161} INFO - Started process (PID=655) to work on /opt/airflow/dags/dag_pipeline.py
[2026-05-30T08:32:02.157+0000] {processor.py:830} INFO - Processing file /opt/airflow/dags/dag_pipeline.py for tasks to queue
[2026-05-30T08:32:02.161+0000] {logging_mixin.py:188} INFO - [2026-05-30T08:32:02.160+0000] {dagbag.py:545} INFO - Filling up the DagBag from /opt/airflow/dags/dag_pipeline.py
[2026-05-30T08:32:02.185+0000] {processor.py:840} INFO - DAG(s) 'lyonflow_traffic_pipeline' retrieved from /opt/airflow/dags/dag_pipeline.py
[2026-05-30T08:32:02.223+0000] {logging_mixin.py:188} INFO - [2026-05-30T08:32:02.222+0000] {dag.py:3096} INFO - Sync 1 DAGs
[2026-05-30T08:32:02.253+0000] {logging_mixin.py:188} INFO - [2026-05-30T08:32:02.253+0000] {dag.py:3954} INFO - Setting next_dagrun for lyonflow_traffic_pipeline to 2026-05-30 08:30:00+00:00, run_after=2026-05-30 08:35:00+00:00
[2026-05-30T08:32:02.276+0000] {processor.py:183} INFO - Processing /opt/airflow/dags/dag_pipeline.py took 0.128 seconds
[2026-05-30T08:32:32.470+0000] {processor.py:161} INFO - Started process (PID=660) to work on /opt/airflow/dags/dag_pipeline.py
[2026-05-30T08:32:32.471+0000] {processor.py:830} INFO - Processing file /opt/airflow/dags/dag_pipeline.py for tasks to queue
[2026-05-30T08:32:32.473+0000] {logging_mixin.py:188} INFO - [2026-05-30T08:32:32.473+0000] {dagbag.py:545} INFO - Filling up the DagBag from /opt/airflow/dags/dag_pipeline.py
[2026-05-30T08:32:32.491+0000] {processor.py:840} INFO - DAG(s) 'lyonflow_traffic_pipeline' retrieved from /opt/airflow/dags/dag_pipeline.py
[2026-05-30T08:32:32.523+0000] {logging_mixin.py:188} INFO - [2026-05-30T08:32:32.523+0000] {dag.py:3096} INFO - Sync 1 DAGs
[2026-05-30T08:32:32.551+0000] {logging_mixin.py:188} INFO - [2026-05-30T08:32:32.550+0000] {dag.py:3954} INFO - Setting next_dagrun for lyonflow_traffic_pipeline to 2026-05-30 08:30:00+00:00, run_after=2026-05-30 08:35:00+00:00
[2026-05-30T08:32:32.573+0000] {processor.py:183} INFO - Processing /opt/airflow/dags/dag_pipeline.py took 0.109 seconds
[2026-05-30T08:33:02.695+0000] {processor.py:161} INFO - Started process (PID=665) to work on /opt/airflow/dags/dag_pipeline.py
[2026-05-30T08:33:02.696+0000] {processor.py:830} INFO - Processing file /opt/airflow/dags/dag_pipeline.py for tasks to queue
[2026-05-30T08:33:02.699+0000] {logging_mixin.py:188} INFO - [2026-05-30T08:33:02.699+0000] {dagbag.py:545} INFO - Filling up the DagBag from /opt/airflow/dags/dag_pipeline.py
[2026-05-30T08:33:02.735+0000] {processor.py:840} INFO - DAG(s) 'lyonflow_traffic_pipeline' retrieved from /opt/airflow/dags/dag_pipeline.py
[2026-05-30T08:33:02.782+0000] {logging_mixin.py:188} INFO - [2026-05-30T08:33:02.781+0000] {dag.py:3096} INFO - Sync 1 DAGs
[2026-05-30T08:33:02.819+0000] {logging_mixin.py:188} INFO - [2026-05-30T08:33:02.818+0000] {dag.py:3954} INFO - Setting next_dagrun for lyonflow_traffic_pipeline to 2026-05-30 08:30:00+00:00, run_after=2026-05-30 08:35:00+00:00
[2026-05-30T08:33:02.853+0000] {processor.py:183} INFO - Processing /opt/airflow/dags/dag_pipeline.py took 0.169 seconds
[2026-05-30T08:33:33.032+0000] {processor.py:161} INFO - Started process (PID=670) to work on /opt/airflow/dags/dag_pipeline.py
[2026-05-30T08:33:33.033+0000] {processor.py:830} INFO - Processing file /opt/airflow/dags/dag_pipeline.py for tasks to queue
[2026-05-30T08:33:33.035+0000] {logging_mixin.py:188} INFO - [2026-05-30T08:33:33.035+0000] {dagbag.py:545} INFO - Filling up the DagBag from /opt/airflow/dags/dag_pipeline.py
[2026-05-30T08:33:33.057+0000] {processor.py:840} INFO - DAG(s) 'lyonflow_traffic_pipeline' retrieved from /opt/airflow/dags/dag_pipeline.py
[2026-05-30T08:33:33.091+0000] {logging_mixin.py:188} INFO - [2026-05-30T08:33:33.091+0000] {dag.py:3096} INFO - Sync 1 DAGs
[2026-05-30T08:33:33.121+0000] {logging_mixin.py:188} INFO - [2026-05-30T08:33:33.121+0000] {dag.py:3954} INFO - Setting next_dagrun for lyonflow_traffic_pipeline to 2026-05-30 08:30:00+00:00, run_after=2026-05-30 08:35:00+00:00
[2026-05-30T08:33:33.150+0000] {processor.py:183} INFO - Processing /opt/airflow/dags/dag_pipeline.py took 0.125 seconds
[2026-05-30T08:34:03.270+0000] {processor.py:161} INFO - Started process (PID=675) to work on /opt/airflow/dags/dag_pipeline.py
[2026-05-30T08:34:03.271+0000] {processor.py:830} INFO - Processing file /opt/airflow/dags/dag_pipeline.py for tasks to queue
[2026-05-30T08:34:03.273+0000] {logging_mixin.py:188} INFO - [2026-05-30T08:34:03.273+0000] {dagbag.py:545} INFO - Filling up the DagBag from /opt/airflow/dags/dag_pipeline.py
[2026-05-30T08:34:03.294+0000] {processor.py:840} INFO - DAG(s) 'lyonflow_traffic_pipeline' retrieved from /opt/airflow/dags/dag_pipeline.py
[2026-05-30T08:34:03.331+0000] {logging_mixin.py:188} INFO - [2026-05-30T08:34:03.331+0000] {dag.py:3096} INFO - Sync 1 DAGs
[2026-05-30T08:34:03.360+0000] {logging_mixin.py:188} INFO - [2026-05-30T08:34:03.360+0000] {dag.py:3954} INFO - Setting next_dagrun for lyonflow_traffic_pipeline to 2026-05-30 08:30:00+00:00, run_after=2026-05-30 08:35:00+00:00
[2026-05-30T08:34:03.388+0000] {processor.py:183} INFO - Processing /opt/airflow/dags/dag_pipeline.py took 0.128 seconds
[2026-05-30T08:34:33.593+0000] {processor.py:161} INFO - Started process (PID=680) to work on /opt/airflow/dags/dag_pipeline.py
[2026-05-30T08:34:33.594+0000] {processor.py:830} INFO - Processing file /opt/airflow/dags/dag_pipeline.py for tasks to queue
[2026-05-30T08:34:33.596+0000] {logging_mixin.py:188} INFO - [2026-05-30T08:34:33.595+0000] {dagbag.py:545} INFO - Filling up the DagBag from /opt/airflow/dags/dag_pipeline.py
[2026-05-30T08:34:33.617+0000] {processor.py:840} INFO - DAG(s) 'lyonflow_traffic_pipeline' retrieved from /opt/airflow/dags/dag_pipeline.py
[2026-05-30T08:34:33.656+0000] {logging_mixin.py:188} INFO - [2026-05-30T08:34:33.656+0000] {dag.py:3096} INFO - Sync 1 DAGs
[2026-05-30T08:34:33.682+0000] {logging_mixin.py:188} INFO - [2026-05-30T08:34:33.681+0000] {dag.py:3954} INFO - Setting next_dagrun for lyonflow_traffic_pipeline to 2026-05-30 08:30:00+00:00, run_after=2026-05-30 08:35:00+00:00
[2026-05-30T08:34:33.708+0000] {processor.py:183} INFO - Processing /opt/airflow/dags/dag_pipeline.py took 0.122 seconds
[2026-05-30T08:35:03.817+0000] {processor.py:161} INFO - Started process (PID=689) to work on /opt/airflow/dags/dag_pipeline.py
[2026-05-30T08:35:03.818+0000] {processor.py:830} INFO - Processing file /opt/airflow/dags/dag_pipeline.py for tasks to queue
[2026-05-30T08:35:03.820+0000] {logging_mixin.py:188} INFO - [2026-05-30T08:35:03.820+0000] {dagbag.py:545} INFO - Filling up the DagBag from /opt/airflow/dags/dag_pipeline.py
[2026-05-30T08:35:03.845+0000] {processor.py:840} INFO - DAG(s) 'lyonflow_traffic_pipeline' retrieved from /opt/airflow/dags/dag_pipeline.py
[2026-05-30T08:35:03.887+0000] {logging_mixin.py:188} INFO - [2026-05-30T08:35:03.887+0000] {dag.py:3096} INFO - Sync 1 DAGs
[2026-05-30T08:35:03.946+0000] {processor.py:183} INFO - Processing /opt/airflow/dags/dag_pipeline.py took 0.137 seconds
[2026-05-30T08:35:34.141+0000] {processor.py:161} INFO - Started process (PID=695) to work on /opt/airflow/dags/dag_pipeline.py
[2026-05-30T08:35:34.142+0000] {processor.py:830} INFO - Processing file /opt/airflow/dags/dag_pipeline.py for tasks to queue
[2026-05-30T08:35:34.144+0000] {logging_mixin.py:188} INFO - [2026-05-30T08:35:34.144+0000] {dagbag.py:545} INFO - Filling up the DagBag from /opt/airflow/dags/dag_pipeline.py
[2026-05-30T08:35:34.162+0000] {processor.py:840} INFO - DAG(s) 'lyonflow_traffic_pipeline' retrieved from /opt/airflow/dags/dag_pipeline.py
[2026-05-30T08:35:34.194+0000] {logging_mixin.py:188} INFO - [2026-05-30T08:35:34.194+0000] {dag.py:3096} INFO - Sync 1 DAGs
[2026-05-30T08:35:34.242+0000] {processor.py:183} INFO - Processing /opt/airflow/dags/dag_pipeline.py took 0.108 seconds
[2026-05-30T08:36:04.372+0000] {processor.py:161} INFO - Started process (PID=700) to work on /opt/airflow/dags/dag_pipeline.py
[2026-05-30T08:36:04.373+0000] {processor.py:830} INFO - Processing file /opt/airflow/dags/dag_pipeline.py for tasks to queue
[2026-05-30T08:36:04.375+0000] {logging_mixin.py:188} INFO - [2026-05-30T08:36:04.375+0000] {dagbag.py:545} INFO - Filling up the DagBag from /opt/airflow/dags/dag_pipeline.py
[2026-05-30T08:36:04.394+0000] {processor.py:840} INFO - DAG(s) 'lyonflow_traffic_pipeline' retrieved from /opt/airflow/dags/dag_pipeline.py
[2026-05-30T08:36:04.426+0000] {logging_mixin.py:188} INFO - [2026-05-30T08:36:04.426+0000] {dag.py:3096} INFO - Sync 1 DAGs
[2026-05-30T08:36:04.483+0000] {processor.py:183} INFO - Processing /opt/airflow/dags/dag_pipeline.py took 0.117 seconds
[2026-05-30T08:36:34.676+0000] {processor.py:161} INFO - Started process (PID=705) to work on /opt/airflow/dags/dag_pipeline.py
[2026-05-30T08:36:34.677+0000] {processor.py:830} INFO - Processing file /opt/airflow/dags/dag_pipeline.py for tasks to queue
[2026-05-30T08:36:34.680+0000] {logging_mixin.py:188} INFO - [2026-05-30T08:36:34.679+0000] {dagbag.py:545} INFO - Filling up the DagBag from /opt/airflow/dags/dag_pipeline.py
[2026-05-30T08:36:34.705+0000] {processor.py:840} INFO - DAG(s) 'lyonflow_traffic_pipeline' retrieved from /opt/airflow/dags/dag_pipeline.py
[2026-05-30T08:36:34.746+0000] {logging_mixin.py:188} INFO - [2026-05-30T08:36:34.746+0000] {dag.py:3096} INFO - Sync 1 DAGs
[2026-05-30T08:36:34.801+0000] {processor.py:183} INFO - Processing /opt/airflow/dags/dag_pipeline.py took 0.137 seconds
[2026-05-30T08:37:04.886+0000] {processor.py:161} INFO - Started process (PID=710) to work on /opt/airflow/dags/dag_pipeline.py
[2026-05-30T08:37:04.887+0000] {processor.py:830} INFO - Processing file /opt/airflow/dags/dag_pipeline.py for tasks to queue
[2026-05-30T08:37:04.889+0000] {logging_mixin.py:188} INFO - [2026-05-30T08:37:04.888+0000] {dagbag.py:545} INFO - Filling up the DagBag from /opt/airflow/dags/dag_pipeline.py
[2026-05-30T08:37:04.909+0000] {processor.py:840} INFO - DAG(s) 'lyonflow_traffic_pipeline' retrieved from /opt/airflow/dags/dag_pipeline.py
[2026-05-30T08:37:04.941+0000] {logging_mixin.py:188} INFO - [2026-05-30T08:37:04.941+0000] {dag.py:3096} INFO - Sync 1 DAGs
[2026-05-30T08:37:04.966+0000] {logging_mixin.py:188} INFO - [2026-05-30T08:37:04.966+0000] {dag.py:3954} INFO - Setting next_dagrun for lyonflow_traffic_pipeline to 2026-05-30 08:35:00+00:00, run_after=2026-05-30 08:40:00+00:00
[2026-05-30T08:37:04.993+0000] {processor.py:183} INFO - Processing /opt/airflow/dags/dag_pipeline.py took 0.115 seconds
[2026-05-30T08:37:35.236+0000] {processor.py:161} INFO - Started process (PID=715) to work on /opt/airflow/dags/dag_pipeline.py
[2026-05-30T08:37:35.237+0000] {processor.py:830} INFO - Processing file /opt/airflow/dags/dag_pipeline.py for tasks to queue
[2026-05-30T08:37:35.239+0000] {logging_mixin.py:188} INFO - [2026-05-30T08:37:35.238+0000] {dagbag.py:545} INFO - Filling up the DagBag from /opt/airflow/dags/dag_pipeline.py
[2026-05-30T08:37:35.258+0000] {processor.py:840} INFO - DAG(s) 'lyonflow_traffic_pipeline' retrieved from /opt/airflow/dags/dag_pipeline.py
[2026-05-30T08:37:35.291+0000] {logging_mixin.py:188} INFO - [2026-05-30T08:37:35.290+0000] {dag.py:3096} INFO - Sync 1 DAGs
[2026-05-30T08:37:35.316+0000] {logging_mixin.py:188} INFO - [2026-05-30T08:37:35.316+0000] {dag.py:3954} INFO - Setting next_dagrun for lyonflow_traffic_pipeline to 2026-05-30 08:35:00+00:00, run_after=2026-05-30 08:40:00+00:00
[2026-05-30T08:37:35.340+0000] {processor.py:183} INFO - Processing /opt/airflow/dags/dag_pipeline.py took 0.111 seconds
[2026-05-30T08:38:05.481+0000] {processor.py:161} INFO - Started process (PID=720) to work on /opt/airflow/dags/dag_pipeline.py
[2026-05-30T08:38:05.482+0000] {processor.py:830} INFO - Processing file /opt/airflow/dags/dag_pipeline.py for tasks to queue
[2026-05-30T08:38:05.486+0000] {logging_mixin.py:188} INFO - [2026-05-30T08:38:05.485+0000] {dagbag.py:545} INFO - Filling up the DagBag from /opt/airflow/dags/dag_pipeline.py
[2026-05-30T08:38:05.535+0000] {processor.py:840} INFO - DAG(s) 'lyonflow_traffic_pipeline' retrieved from /opt/airflow/dags/dag_pipeline.py
[2026-05-30T08:38:05.651+0000] {logging_mixin.py:188} INFO - [2026-05-30T08:38:05.648+0000] {dag.py:3096} INFO - Sync 1 DAGs
[2026-05-30T08:38:05.749+0000] {logging_mixin.py:188} INFO - [2026-05-30T08:38:05.749+0000] {dag.py:3954} INFO - Setting next_dagrun for lyonflow_traffic_pipeline to 2026-05-30 08:35:00+00:00, run_after=2026-05-30 08:40:00+00:00
[2026-05-30T08:38:05.796+0000] {processor.py:183} INFO - Processing /opt/airflow/dags/dag_pipeline.py took 0.328 seconds
[2026-05-30T08:38:36.081+0000] {processor.py:161} INFO - Started process (PID=725) to work on /opt/airflow/dags/dag_pipeline.py
[2026-05-30T08:38:36.082+0000] {processor.py:830} INFO - Processing file /opt/airflow/dags/dag_pipeline.py for tasks to queue
[2026-05-30T08:38:36.084+0000] {logging_mixin.py:188} INFO - [2026-05-30T08:38:36.084+0000] {dagbag.py:545} INFO - Filling up the DagBag from /opt/airflow/dags/dag_pipeline.py
[2026-05-30T08:38:36.102+0000] {processor.py:840} INFO - DAG(s) 'lyonflow_traffic_pipeline' retrieved from /opt/airflow/dags/dag_pipeline.py
[2026-05-30T08:38:36.134+0000] {logging_mixin.py:188} INFO - [2026-05-30T08:38:36.134+0000] {dag.py:3096} INFO - Sync 1 DAGs
[2026-05-30T08:38:36.158+0000] {logging_mixin.py:188} INFO - [2026-05-30T08:38:36.158+0000] {dag.py:3954} INFO - Setting next_dagrun for lyonflow_traffic_pipeline to 2026-05-30 08:35:00+00:00, run_after=2026-05-30 08:40:00+00:00
[2026-05-30T08:38:36.182+0000] {processor.py:183} INFO - Processing /opt/airflow/dags/dag_pipeline.py took 0.108 seconds
[2026-05-30T08:39:06.287+0000] {processor.py:161} INFO - Started process (PID=730) to work on /opt/airflow/dags/dag_pipeline.py
[2026-05-30T08:39:06.288+0000] {processor.py:830} INFO - Processing file /opt/airflow/dags/dag_pipeline.py for tasks to queue
[2026-05-30T08:39:06.290+0000] {logging_mixin.py:188} INFO - [2026-05-30T08:39:06.289+0000] {dagbag.py:545} INFO - Filling up the DagBag from /opt/airflow/dags/dag_pipeline.py
[2026-05-30T08:39:06.307+0000] {processor.py:840} INFO - DAG(s) 'lyonflow_traffic_pipeline' retrieved from /opt/airflow/dags/dag_pipeline.py
[2026-05-30T08:39:06.339+0000] {logging_mixin.py:188} INFO - [2026-05-30T08:39:06.339+0000] {dag.py:3096} INFO - Sync 1 DAGs
[2026-05-30T08:39:06.362+0000] {logging_mixin.py:188} INFO - [2026-05-30T08:39:06.362+0000] {dag.py:3954} INFO - Setting next_dagrun for lyonflow_traffic_pipeline to 2026-05-30 08:35:00+00:00, run_after=2026-05-30 08:40:00+00:00
[2026-05-30T08:39:06.384+0000] {processor.py:183} INFO - Processing /opt/airflow/dags/dag_pipeline.py took 0.103 seconds
[2026-05-30T08:39:36.603+0000] {processor.py:161} INFO - Started process (PID=735) to work on /opt/airflow/dags/dag_pipeline.py
[2026-05-30T08:39:36.603+0000] {processor.py:830} INFO - Processing file /opt/airflow/dags/dag_pipeline.py for tasks to queue
[2026-05-30T08:39:36.605+0000] {logging_mixin.py:188} INFO - [2026-05-30T08:39:36.605+0000] {dagbag.py:545} INFO - Filling up the DagBag from /opt/airflow/dags/dag_pipeline.py
[2026-05-30T08:39:36.625+0000] {processor.py:840} INFO - DAG(s) 'lyonflow_traffic_pipeline' retrieved from /opt/airflow/dags/dag_pipeline.py
[2026-05-30T08:39:36.656+0000] {logging_mixin.py:188} INFO - [2026-05-30T08:39:36.655+0000] {dag.py:3096} INFO - Sync 1 DAGs
[2026-05-30T08:39:36.682+0000] {logging_mixin.py:188} INFO - [2026-05-30T08:39:36.681+0000] {dag.py:3954} INFO - Setting next_dagrun for lyonflow_traffic_pipeline to 2026-05-30 08:35:00+00:00, run_after=2026-05-30 08:40:00+00:00
[2026-05-30T08:39:36.706+0000] {processor.py:183} INFO - Processing /opt/airflow/dags/dag_pipeline.py took 0.110 seconds
[2026-05-30T08:40:06.820+0000] {processor.py:161} INFO - Started process (PID=745) to work on /opt/airflow/dags/dag_pipeline.py
[2026-05-30T08:40:06.821+0000] {processor.py:830} INFO - Processing file /opt/airflow/dags/dag_pipeline.py for tasks to queue
[2026-05-30T08:40:06.824+0000] {logging_mixin.py:188} INFO - [2026-05-30T08:40:06.823+0000] {dagbag.py:545} INFO - Filling up the DagBag from /opt/airflow/dags/dag_pipeline.py
[2026-05-30T08:40:06.843+0000] {processor.py:840} INFO - DAG(s) 'lyonflow_traffic_pipeline' retrieved from /opt/airflow/dags/dag_pipeline.py
[2026-05-30T08:40:06.879+0000] {logging_mixin.py:188} INFO - [2026-05-30T08:40:06.879+0000] {dag.py:3096} INFO - Sync 1 DAGs
[2026-05-30T08:40:06.931+0000] {processor.py:183} INFO - Processing /opt/airflow/dags/dag_pipeline.py took 0.118 seconds
[2026-05-30T08:40:37.151+0000] {processor.py:161} INFO - Started process (PID=750) to work on /opt/airflow/dags/dag_pipeline.py
[2026-05-30T08:40:37.151+0000] {processor.py:830} INFO - Processing file /opt/airflow/dags/dag_pipeline.py for tasks to queue
[2026-05-30T08:40:37.153+0000] {logging_mixin.py:188} INFO - [2026-05-30T08:40:37.153+0000] {dagbag.py:545} INFO - Filling up the DagBag from /opt/airflow/dags/dag_pipeline.py
[2026-05-30T08:40:37.175+0000] {processor.py:840} INFO - DAG(s) 'lyonflow_traffic_pipeline' retrieved from /opt/airflow/dags/dag_pipeline.py
[2026-05-30T08:40:37.210+0000] {logging_mixin.py:188} INFO - [2026-05-30T08:40:37.210+0000] {dag.py:3096} INFO - Sync 1 DAGs
[2026-05-30T08:40:37.259+0000] {processor.py:183} INFO - Processing /opt/airflow/dags/dag_pipeline.py took 0.114 seconds
[2026-05-30T08:41:07.375+0000] {processor.py:161} INFO - Started process (PID=755) to work on /opt/airflow/dags/dag_pipeline.py
[2026-05-30T08:41:07.376+0000] {processor.py:830} INFO - Processing file /opt/airflow/dags/dag_pipeline.py for tasks to queue
[2026-05-30T08:41:07.379+0000] {logging_mixin.py:188} INFO - [2026-05-30T08:41:07.378+0000] {dagbag.py:545} INFO - Filling up the DagBag from /opt/airflow/dags/dag_pipeline.py
[2026-05-30T08:41:07.402+0000] {processor.py:840} INFO - DAG(s) 'lyonflow_traffic_pipeline' retrieved from /opt/airflow/dags/dag_pipeline.py
[2026-05-30T08:41:07.444+0000] {logging_mixin.py:188} INFO - [2026-05-30T08:41:07.443+0000] {dag.py:3096} INFO - Sync 1 DAGs
[2026-05-30T08:41:07.498+0000] {processor.py:183} INFO - Processing /opt/airflow/dags/dag_pipeline.py took 0.132 seconds
[2026-05-30T08:41:37.684+0000] {processor.py:161} INFO - Started process (PID=760) to work on /opt/airflow/dags/dag_pipeline.py
[2026-05-30T08:41:37.685+0000] {processor.py:830} INFO - Processing file /opt/airflow/dags/dag_pipeline.py for tasks to queue
[2026-05-30T08:41:37.687+0000] {logging_mixin.py:188} INFO - [2026-05-30T08:41:37.687+0000] {dagbag.py:545} INFO - Filling up the DagBag from /opt/airflow/dags/dag_pipeline.py
[2026-05-30T08:41:37.710+0000] {processor.py:840} INFO - DAG(s) 'lyonflow_traffic_pipeline' retrieved from /opt/airflow/dags/dag_pipeline.py
[2026-05-30T08:41:37.742+0000] {logging_mixin.py:188} INFO - [2026-05-30T08:41:37.742+0000] {dag.py:3096} INFO - Sync 1 DAGs
[2026-05-30T08:41:37.789+0000] {processor.py:183} INFO - Processing /opt/airflow/dags/dag_pipeline.py took 0.112 seconds
[2026-05-30T08:42:07.941+0000] {processor.py:161} INFO - Started process (PID=765) to work on /opt/airflow/dags/dag_pipeline.py
[2026-05-30T08:42:07.942+0000] {processor.py:830} INFO - Processing file /opt/airflow/dags/dag_pipeline.py for tasks to queue
[2026-05-30T08:42:07.945+0000] {logging_mixin.py:188} INFO - [2026-05-30T08:42:07.944+0000] {dagbag.py:545} INFO - Filling up the DagBag from /opt/airflow/dags/dag_pipeline.py
[2026-05-30T08:42:07.965+0000] {processor.py:840} INFO - DAG(s) 'lyonflow_traffic_pipeline' retrieved from /opt/airflow/dags/dag_pipeline.py
[2026-05-30T08:42:07.999+0000] {logging_mixin.py:188} INFO - [2026-05-30T08:42:07.999+0000] {dag.py:3096} INFO - Sync 1 DAGs
[2026-05-30T08:42:08.025+0000] {logging_mixin.py:188} INFO - [2026-05-30T08:42:08.025+0000] {dag.py:3954} INFO - Setting next_dagrun for lyonflow_traffic_pipeline to 2026-05-30 08:40:00+00:00, run_after=2026-05-30 08:45:00+00:00
[2026-05-30T08:42:08.047+0000] {processor.py:183} INFO - Processing /opt/airflow/dags/dag_pipeline.py took 0.115 seconds
[2026-05-30T08:42:38.224+0000] {processor.py:161} INFO - Started process (PID=770) to work on /opt/airflow/dags/dag_pipeline.py
[2026-05-30T08:42:38.225+0000] {processor.py:830} INFO - Processing file /opt/airflow/dags/dag_pipeline.py for tasks to queue
[2026-05-30T08:42:38.227+0000] {logging_mixin.py:188} INFO - [2026-05-30T08:42:38.227+0000] {dagbag.py:545} INFO - Filling up the DagBag from /opt/airflow/dags/dag_pipeline.py
[2026-05-30T08:42:38.245+0000] {processor.py:840} INFO - DAG(s) 'lyonflow_traffic_pipeline' retrieved from /opt/airflow/dags/dag_pipeline.py
[2026-05-30T08:42:38.275+0000] {logging_mixin.py:188} INFO - [2026-05-30T08:42:38.275+0000] {dag.py:3096} INFO - Sync 1 DAGs
[2026-05-30T08:42:38.297+0000] {logging_mixin.py:188} INFO - [2026-05-30T08:42:38.297+0000] {dag.py:3954} INFO - Setting next_dagrun for lyonflow_traffic_pipeline to 2026-05-30 08:40:00+00:00, run_after=2026-05-30 08:45:00+00:00
[2026-05-30T08:42:38.319+0000] {processor.py:183} INFO - Processing /opt/airflow/dags/dag_pipeline.py took 0.101 seconds
[2026-05-30T08:43:08.483+0000] {processor.py:161} INFO - Started process (PID=775) to work on /opt/airflow/dags/dag_pipeline.py
[2026-05-30T08:43:08.484+0000] {processor.py:830} INFO - Processing file /opt/airflow/dags/dag_pipeline.py for tasks to queue
[2026-05-30T08:43:08.487+0000] {logging_mixin.py:188} INFO - [2026-05-30T08:43:08.486+0000] {dagbag.py:545} INFO - Filling up the DagBag from /opt/airflow/dags/dag_pipeline.py
[2026-05-30T08:43:08.508+0000] {processor.py:840} INFO - DAG(s) 'lyonflow_traffic_pipeline' retrieved from /opt/airflow/dags/dag_pipeline.py
[2026-05-30T08:43:08.551+0000] {logging_mixin.py:188} INFO - [2026-05-30T08:43:08.550+0000] {dag.py:3096} INFO - Sync 1 DAGs
[2026-05-30T08:43:08.584+0000] {logging_mixin.py:188} INFO - [2026-05-30T08:43:08.583+0000] {dag.py:3954} INFO - Setting next_dagrun for lyonflow_traffic_pipeline to 2026-05-30 08:40:00+00:00, run_after=2026-05-30 08:45:00+00:00
[2026-05-30T08:43:08.615+0000] {processor.py:183} INFO - Processing /opt/airflow/dags/dag_pipeline.py took 0.141 seconds
[2026-05-30T08:43:38.811+0000] {processor.py:161} INFO - Started process (PID=780) to work on /opt/airflow/dags/dag_pipeline.py
[2026-05-30T08:43:38.812+0000] {processor.py:830} INFO - Processing file /opt/airflow/dags/dag_pipeline.py for tasks to queue
[2026-05-30T08:43:38.814+0000] {logging_mixin.py:188} INFO - [2026-05-30T08:43:38.814+0000] {dagbag.py:545} INFO - Filling up the DagBag from /opt/airflow/dags/dag_pipeline.py
[2026-05-30T08:43:38.834+0000] {processor.py:840} INFO - DAG(s) 'lyonflow_traffic_pipeline' retrieved from /opt/airflow/dags/dag_pipeline.py
[2026-05-30T08:43:38.873+0000] {logging_mixin.py:188} INFO - [2026-05-30T08:43:38.873+0000] {dag.py:3096} INFO - Sync 1 DAGs
[2026-05-30T08:43:38.902+0000] {logging_mixin.py:188} INFO - [2026-05-30T08:43:38.902+0000] {dag.py:3954} INFO - Setting next_dagrun for lyonflow_traffic_pipeline to 2026-05-30 08:40:00+00:00, run_after=2026-05-30 08:45:00+00:00
[2026-05-30T08:43:38.930+0000] {processor.py:183} INFO - Processing /opt/airflow/dags/dag_pipeline.py took 0.126 seconds
[2026-05-30T08:44:09.055+0000] {processor.py:161} INFO - Started process (PID=785) to work on /opt/airflow/dags/dag_pipeline.py
[2026-05-30T08:44:09.056+0000] {processor.py:830} INFO - Processing file /opt/airflow/dags/dag_pipeline.py for tasks to queue
[2026-05-30T08:44:09.058+0000] {logging_mixin.py:188} INFO - [2026-05-30T08:44:09.058+0000] {dagbag.py:545} INFO - Filling up the DagBag from /opt/airflow/dags/dag_pipeline.py
[2026-05-30T08:44:09.076+0000] {processor.py:840} INFO - DAG(s) 'lyonflow_traffic_pipeline' retrieved from /opt/airflow/dags/dag_pipeline.py
[2026-05-30T08:44:09.111+0000] {logging_mixin.py:188} INFO - [2026-05-30T08:44:09.111+0000] {dag.py:3096} INFO - Sync 1 DAGs
[2026-05-30T08:44:09.137+0000] {logging_mixin.py:188} INFO - [2026-05-30T08:44:09.137+0000] {dag.py:3954} INFO - Setting next_dagrun for lyonflow_traffic_pipeline to 2026-05-30 08:40:00+00:00, run_after=2026-05-30 08:45:00+00:00
[2026-05-30T08:44:09.160+0000] {processor.py:183} INFO - Processing /opt/airflow/dags/dag_pipeline.py took 0.112 seconds
[2026-05-30T08:44:39.372+0000] {processor.py:161} INFO - Started process (PID=790) to work on /opt/airflow/dags/dag_pipeline.py
[2026-05-30T08:44:39.373+0000] {processor.py:830} INFO - Processing file /opt/airflow/dags/dag_pipeline.py for tasks to queue
[2026-05-30T08:44:39.375+0000] {logging_mixin.py:188} INFO - [2026-05-30T08:44:39.375+0000] {dagbag.py:545} INFO - Filling up the DagBag from /opt/airflow/dags/dag_pipeline.py
[2026-05-30T08:44:39.394+0000] {processor.py:840} INFO - DAG(s) 'lyonflow_traffic_pipeline' retrieved from /opt/airflow/dags/dag_pipeline.py
[2026-05-30T08:44:39.431+0000] {logging_mixin.py:188} INFO - [2026-05-30T08:44:39.431+0000] {dag.py:3096} INFO - Sync 1 DAGs
[2026-05-30T08:44:39.457+0000] {logging_mixin.py:188} INFO - [2026-05-30T08:44:39.457+0000] {dag.py:3954} INFO - Setting next_dagrun for lyonflow_traffic_pipeline to 2026-05-30 08:40:00+00:00, run_after=2026-05-30 08:45:00+00:00
[2026-05-30T08:44:39.488+0000] {processor.py:183} INFO - Processing /opt/airflow/dags/dag_pipeline.py took 0.122 seconds
[2026-05-30T08:45:09.590+0000] {processor.py:161} INFO - Started process (PID=800) to work on /opt/airflow/dags/dag_pipeline.py
[2026-05-30T08:45:09.591+0000] {processor.py:830} INFO - Processing file /opt/airflow/dags/dag_pipeline.py for tasks to queue
[2026-05-30T08:45:09.594+0000] {logging_mixin.py:188} INFO - [2026-05-30T08:45:09.593+0000] {dagbag.py:545} INFO - Filling up the DagBag from /opt/airflow/dags/dag_pipeline.py
[2026-05-30T08:45:09.616+0000] {processor.py:840} INFO - DAG(s) 'lyonflow_traffic_pipeline' retrieved from /opt/airflow/dags/dag_pipeline.py
[2026-05-30T08:45:09.649+0000] {logging_mixin.py:188} INFO - [2026-05-30T08:45:09.649+0000] {dag.py:3096} INFO - Sync 1 DAGs
[2026-05-30T08:45:09.697+0000] {processor.py:183} INFO - Processing /opt/airflow/dags/dag_pipeline.py took 0.114 seconds
[2026-05-30T08:45:39.920+0000] {processor.py:161} INFO - Started process (PID=805) to work on /opt/airflow/dags/dag_pipeline.py
[2026-05-30T08:45:39.921+0000] {processor.py:830} INFO - Processing file /opt/airflow/dags/dag_pipeline.py for tasks to queue
[2026-05-30T08:45:39.923+0000] {logging_mixin.py:188} INFO - [2026-05-30T08:45:39.923+0000] {dagbag.py:545} INFO - Filling up the DagBag from /opt/airflow/dags/dag_pipeline.py
[2026-05-30T08:45:39.944+0000] {processor.py:840} INFO - DAG(s) 'lyonflow_traffic_pipeline' retrieved from /opt/airflow/dags/dag_pipeline.py
[2026-05-30T08:45:39.983+0000] {logging_mixin.py:188} INFO - [2026-05-30T08:45:39.982+0000] {dag.py:3096} INFO - Sync 1 DAGs
[2026-05-30T08:45:40.035+0000] {processor.py:183} INFO - Processing /opt/airflow/dags/dag_pipeline.py took 0.121 seconds
[2026-05-30T08:46:10.144+0000] {processor.py:161} INFO - Started process (PID=810) to work on /opt/airflow/dags/dag_pipeline.py
[2026-05-30T08:46:10.145+0000] {processor.py:830} INFO - Processing file /opt/airflow/dags/dag_pipeline.py for tasks to queue
[2026-05-30T08:46:10.148+0000] {logging_mixin.py:188} INFO - [2026-05-30T08:46:10.148+0000] {dagbag.py:545} INFO - Filling up the DagBag from /opt/airflow/dags/dag_pipeline.py
[2026-05-30T08:46:10.171+0000] {processor.py:840} INFO - DAG(s) 'lyonflow_traffic_pipeline' retrieved from /opt/airflow/dags/dag_pipeline.py
[2026-05-30T08:46:10.209+0000] {logging_mixin.py:188} INFO - [2026-05-30T08:46:10.208+0000] {dag.py:3096} INFO - Sync 1 DAGs
[2026-05-30T08:46:10.263+0000] {processor.py:183} INFO - Processing /opt/airflow/dags/dag_pipeline.py took 0.128 seconds
[2026-05-30T08:46:40.473+0000] {processor.py:161} INFO - Started process (PID=815) to work on /opt/airflow/dags/dag_pipeline.py
[2026-05-30T08:46:40.474+0000] {processor.py:830} INFO - Processing file /opt/airflow/dags/dag_pipeline.py for tasks to queue
[2026-05-30T08:46:40.479+0000] {logging_mixin.py:188} INFO - [2026-05-30T08:46:40.478+0000] {dagbag.py:545} INFO - Filling up the DagBag from /opt/airflow/dags/dag_pipeline.py
[2026-05-30T08:46:40.522+0000] {processor.py:840} INFO - DAG(s) 'lyonflow_traffic_pipeline' retrieved from /opt/airflow/dags/dag_pipeline.py
[2026-05-30T08:46:40.568+0000] {logging_mixin.py:188} INFO - [2026-05-30T08:46:40.568+0000] {dag.py:3096} INFO - Sync 1 DAGs
[2026-05-30T08:46:40.629+0000] {processor.py:183} INFO - Processing /opt/airflow/dags/dag_pipeline.py took 0.166 seconds
[2026-05-30T08:47:10.685+0000] {processor.py:161} INFO - Started process (PID=820) to work on /opt/airflow/dags/dag_pipeline.py
[2026-05-30T08:47:10.686+0000] {processor.py:830} INFO - Processing file /opt/airflow/dags/dag_pipeline.py for tasks to queue
[2026-05-30T08:47:10.688+0000] {logging_mixin.py:188} INFO - [2026-05-30T08:47:10.688+0000] {dagbag.py:545} INFO - Filling up the DagBag from /opt/airflow/dags/dag_pipeline.py
[2026-05-30T08:47:10.708+0000] {processor.py:840} INFO - DAG(s) 'lyonflow_traffic_pipeline' retrieved from /opt/airflow/dags/dag_pipeline.py
[2026-05-30T08:47:10.739+0000] {logging_mixin.py:188} INFO - [2026-05-30T08:47:10.739+0000] {dag.py:3096} INFO - Sync 1 DAGs
[2026-05-30T08:47:10.762+0000] {logging_mixin.py:188} INFO - [2026-05-30T08:47:10.762+0000] {dag.py:3954} INFO - Setting next_dagrun for lyonflow_traffic_pipeline to 2026-05-30 08:45:00+00:00, run_after=2026-05-30 08:50:00+00:00
[2026-05-30T08:47:10.782+0000] {processor.py:183} INFO - Processing /opt/airflow/dags/dag_pipeline.py took 0.104 seconds
[2026-05-30T08:47:40.899+0000] {processor.py:161} INFO - Started process (PID=825) to work on /opt/airflow/dags/dag_pipeline.py
[2026-05-30T08:47:40.901+0000] {processor.py:830} INFO - Processing file /opt/airflow/dags/dag_pipeline.py for tasks to queue
[2026-05-30T08:47:40.903+0000] {logging_mixin.py:188} INFO - [2026-05-30T08:47:40.903+0000] {dagbag.py:545} INFO - Filling up the DagBag from /opt/airflow/dags/dag_pipeline.py
[2026-05-30T08:47:40.925+0000] {processor.py:840} INFO - DAG(s) 'lyonflow_traffic_pipeline' retrieved from /opt/airflow/dags/dag_pipeline.py
[2026-05-30T08:47:40.964+0000] {logging_mixin.py:188} INFO - [2026-05-30T08:47:40.964+0000] {dag.py:3096} INFO - Sync 1 DAGs
[2026-05-30T08:47:40.999+0000] {logging_mixin.py:188} INFO - [2026-05-30T08:47:40.999+0000] {dag.py:3954} INFO - Setting next_dagrun for lyonflow_traffic_pipeline to 2026-05-30 08:45:00+00:00, run_after=2026-05-30 08:50:00+00:00
[2026-05-30T08:47:41.024+0000] {processor.py:183} INFO - Processing /opt/airflow/dags/dag_pipeline.py took 0.133 seconds
[2026-05-30T08:48:11.206+0000] {processor.py:161} INFO - Started process (PID=830) to work on /opt/airflow/dags/dag_pipeline.py
[2026-05-30T08:48:11.207+0000] {processor.py:830} INFO - Processing file /opt/airflow/dags/dag_pipeline.py for tasks to queue
[2026-05-30T08:48:11.209+0000] {logging_mixin.py:188} INFO - [2026-05-30T08:48:11.208+0000] {dagbag.py:545} INFO - Filling up the DagBag from /opt/airflow/dags/dag_pipeline.py
[2026-05-30T08:48:11.227+0000] {processor.py:840} INFO - DAG(s) 'lyonflow_traffic_pipeline' retrieved from /opt/airflow/dags/dag_pipeline.py
[2026-05-30T08:48:11.259+0000] {logging_mixin.py:188} INFO - [2026-05-30T08:48:11.258+0000] {dag.py:3096} INFO - Sync 1 DAGs
[2026-05-30T08:48:11.286+0000] {logging_mixin.py:188} INFO - [2026-05-30T08:48:11.285+0000] {dag.py:3954} INFO - Setting next_dagrun for lyonflow_traffic_pipeline to 2026-05-30 08:45:00+00:00, run_after=2026-05-30 08:50:00+00:00
[2026-05-30T08:48:11.307+0000] {processor.py:183} INFO - Processing /opt/airflow/dags/dag_pipeline.py took 0.108 seconds
[2026-05-30T08:48:41.472+0000] {processor.py:161} INFO - Started process (PID=835) to work on /opt/airflow/dags/dag_pipeline.py
[2026-05-30T08:48:41.473+0000] {processor.py:830} INFO - Processing file /opt/airflow/dags/dag_pipeline.py for tasks to queue
[2026-05-30T08:48:41.475+0000] {logging_mixin.py:188} INFO - [2026-05-30T08:48:41.475+0000] {dagbag.py:545} INFO - Filling up the DagBag from /opt/airflow/dags/dag_pipeline.py
[2026-05-30T08:48:41.493+0000] {processor.py:840} INFO - DAG(s) 'lyonflow_traffic_pipeline' retrieved from /opt/airflow/dags/dag_pipeline.py
[2026-05-30T08:48:41.523+0000] {logging_mixin.py:188} INFO - [2026-05-30T08:48:41.523+0000] {dag.py:3096} INFO - Sync 1 DAGs
[2026-05-30T08:48:41.549+0000] {logging_mixin.py:188} INFO - [2026-05-30T08:48:41.549+0000] {dag.py:3954} INFO - Setting next_dagrun for lyonflow_traffic_pipeline to 2026-05-30 08:45:00+00:00, run_after=2026-05-30 08:50:00+00:00
[2026-05-30T08:48:41.570+0000] {processor.py:183} INFO - Processing /opt/airflow/dags/dag_pipeline.py took 0.105 seconds
[2026-05-30T08:49:11.735+0000] {processor.py:161} INFO - Started process (PID=840) to work on /opt/airflow/dags/dag_pipeline.py
[2026-05-30T08:49:11.736+0000] {processor.py:830} INFO - Processing file /opt/airflow/dags/dag_pipeline.py for tasks to queue
[2026-05-30T08:49:11.738+0000] {logging_mixin.py:188} INFO - [2026-05-30T08:49:11.738+0000] {dagbag.py:545} INFO - Filling up the DagBag from /opt/airflow/dags/dag_pipeline.py
[2026-05-30T08:49:11.756+0000] {processor.py:840} INFO - DAG(s) 'lyonflow_traffic_pipeline' retrieved from /opt/airflow/dags/dag_pipeline.py
[2026-05-30T08:49:11.789+0000] {logging_mixin.py:188} INFO - [2026-05-30T08:49:11.789+0000] {dag.py:3096} INFO - Sync 1 DAGs
[2026-05-30T08:49:11.814+0000] {logging_mixin.py:188} INFO - [2026-05-30T08:49:11.814+0000] {dag.py:3954} INFO - Setting next_dagrun for lyonflow_traffic_pipeline to 2026-05-30 08:45:00+00:00, run_after=2026-05-30 08:50:00+00:00
[2026-05-30T08:49:11.837+0000] {processor.py:183} INFO - Processing /opt/airflow/dags/dag_pipeline.py took 0.108 seconds
[2026-05-30T08:49:41.990+0000] {processor.py:161} INFO - Started process (PID=845) to work on /opt/airflow/dags/dag_pipeline.py
[2026-05-30T08:49:41.991+0000] {processor.py:830} INFO - Processing file /opt/airflow/dags/dag_pipeline.py for tasks to queue
[2026-05-30T08:49:41.993+0000] {logging_mixin.py:188} INFO - [2026-05-30T08:49:41.993+0000] {dagbag.py:545} INFO - Filling up the DagBag from /opt/airflow/dags/dag_pipeline.py
[2026-05-30T08:49:42.013+0000] {processor.py:840} INFO - DAG(s) 'lyonflow_traffic_pipeline' retrieved from /opt/airflow/dags/dag_pipeline.py
[2026-05-30T08:49:42.051+0000] {logging_mixin.py:188} INFO - [2026-05-30T08:49:42.051+0000] {dag.py:3096} INFO - Sync 1 DAGs
[2026-05-30T08:49:42.079+0000] {logging_mixin.py:188} INFO - [2026-05-30T08:49:42.079+0000] {dag.py:3954} INFO - Setting next_dagrun for lyonflow_traffic_pipeline to 2026-05-30 08:45:00+00:00, run_after=2026-05-30 08:50:00+00:00
[2026-05-30T08:49:42.103+0000] {processor.py:183} INFO - Processing /opt/airflow/dags/dag_pipeline.py took 0.120 seconds
[2026-05-30T08:50:12.267+0000] {processor.py:161} INFO - Started process (PID=855) to work on /opt/airflow/dags/dag_pipeline.py
[2026-05-30T08:50:12.268+0000] {processor.py:830} INFO - Processing file /opt/airflow/dags/dag_pipeline.py for tasks to queue
[2026-05-30T08:50:12.271+0000] {logging_mixin.py:188} INFO - [2026-05-30T08:50:12.270+0000] {dagbag.py:545} INFO - Filling up the DagBag from /opt/airflow/dags/dag_pipeline.py
[2026-05-30T08:50:12.292+0000] {processor.py:840} INFO - DAG(s) 'lyonflow_traffic_pipeline' retrieved from /opt/airflow/dags/dag_pipeline.py
[2026-05-30T08:50:12.327+0000] {logging_mixin.py:188} INFO - [2026-05-30T08:50:12.327+0000] {dag.py:3096} INFO - Sync 1 DAGs
[2026-05-30T08:50:12.376+0000] {processor.py:183} INFO - Processing /opt/airflow/dags/dag_pipeline.py took 0.119 seconds
[2026-05-30T08:50:42.530+0000] {processor.py:161} INFO - Started process (PID=860) to work on /opt/airflow/dags/dag_pipeline.py
[2026-05-30T08:50:42.531+0000] {processor.py:830} INFO - Processing file /opt/airflow/dags/dag_pipeline.py for tasks to queue
[2026-05-30T08:50:42.533+0000] {logging_mixin.py:188} INFO - [2026-05-30T08:50:42.532+0000] {dagbag.py:545} INFO - Filling up the DagBag from /opt/airflow/dags/dag_pipeline.py
[2026-05-30T08:50:42.556+0000] {processor.py:840} INFO - DAG(s) 'lyonflow_traffic_pipeline' retrieved from /opt/airflow/dags/dag_pipeline.py
[2026-05-30T08:50:42.592+0000] {logging_mixin.py:188} INFO - [2026-05-30T08:50:42.592+0000] {dag.py:3096} INFO - Sync 1 DAGs
[2026-05-30T08:50:42.639+0000] {processor.py:183} INFO - Processing /opt/airflow/dags/dag_pipeline.py took 0.118 seconds
[2026-05-30T08:51:12.798+0000] {processor.py:161} INFO - Started process (PID=865) to work on /opt/airflow/dags/dag_pipeline.py
[2026-05-30T08:51:12.799+0000] {processor.py:830} INFO - Processing file /opt/airflow/dags/dag_pipeline.py for tasks to queue
[2026-05-30T08:51:12.802+0000] {logging_mixin.py:188} INFO - [2026-05-30T08:51:12.801+0000] {dagbag.py:545} INFO - Filling up the DagBag from /opt/airflow/dags/dag_pipeline.py
[2026-05-30T08:51:12.825+0000] {processor.py:840} INFO - DAG(s) 'lyonflow_traffic_pipeline' retrieved from /opt/airflow/dags/dag_pipeline.py
[2026-05-30T08:51:12.863+0000] {logging_mixin.py:188} INFO - [2026-05-30T08:51:12.863+0000] {dag.py:3096} INFO - Sync 1 DAGs
[2026-05-30T08:51:12.917+0000] {processor.py:183} INFO - Processing /opt/airflow/dags/dag_pipeline.py took 0.133 seconds
[2026-05-30T08:51:43.065+0000] {processor.py:161} INFO - Started process (PID=870) to work on /opt/airflow/dags/dag_pipeline.py
[2026-05-30T08:51:43.066+0000] {processor.py:830} INFO - Processing file /opt/airflow/dags/dag_pipeline.py for tasks to queue
[2026-05-30T08:51:43.069+0000] {logging_mixin.py:188} INFO - [2026-05-30T08:51:43.068+0000] {dagbag.py:545} INFO - Filling up the DagBag from /opt/airflow/dags/dag_pipeline.py
[2026-05-30T08:51:43.090+0000] {processor.py:840} INFO - DAG(s) 'lyonflow_traffic_pipeline' retrieved from /opt/airflow/dags/dag_pipeline.py
[2026-05-30T08:51:43.133+0000] {logging_mixin.py:188} INFO - [2026-05-30T08:51:43.133+0000] {dag.py:3096} INFO - Sync 1 DAGs
[2026-05-30T08:51:43.191+0000] {processor.py:183} INFO - Processing /opt/airflow/dags/dag_pipeline.py took 0.135 seconds
[2026-05-30T08:52:13.331+0000] {processor.py:161} INFO - Started process (PID=875) to work on /opt/airflow/dags/dag_pipeline.py
[2026-05-30T08:52:13.332+0000] {processor.py:830} INFO - Processing file /opt/airflow/dags/dag_pipeline.py for tasks to queue
[2026-05-30T08:52:13.335+0000] {logging_mixin.py:188} INFO - [2026-05-30T08:52:13.335+0000] {dagbag.py:545} INFO - Filling up the DagBag from /opt/airflow/dags/dag_pipeline.py
[2026-05-30T08:52:13.358+0000] {processor.py:840} INFO - DAG(s) 'lyonflow_traffic_pipeline' retrieved from /opt/airflow/dags/dag_pipeline.py
[2026-05-30T08:52:13.405+0000] {logging_mixin.py:188} INFO - [2026-05-30T08:52:13.404+0000] {dag.py:3096} INFO - Sync 1 DAGs
[2026-05-30T08:52:13.457+0000] {logging_mixin.py:188} INFO - [2026-05-30T08:52:13.456+0000] {dag.py:3954} INFO - Setting next_dagrun for lyonflow_traffic_pipeline to 2026-05-30 08:50:00+00:00, run_after=2026-05-30 08:55:00+00:00
[2026-05-30T08:52:13.500+0000] {processor.py:183} INFO - Processing /opt/airflow/dags/dag_pipeline.py took 0.177 seconds
[2026-05-30T08:52:43.594+0000] {processor.py:161} INFO - Started process (PID=880) to work on /opt/airflow/dags/dag_pipeline.py
[2026-05-30T08:52:43.595+0000] {processor.py:830} INFO - Processing file /opt/airflow/dags/dag_pipeline.py for tasks to queue
[2026-05-30T08:52:43.597+0000] {logging_mixin.py:188} INFO - [2026-05-30T08:52:43.597+0000] {dagbag.py:545} INFO - Filling up the DagBag from /opt/airflow/dags/dag_pipeline.py
[2026-05-30T08:52:43.615+0000] {processor.py:840} INFO - DAG(s) 'lyonflow_traffic_pipeline' retrieved from /opt/airflow/dags/dag_pipeline.py
[2026-05-30T08:52:43.652+0000] {logging_mixin.py:188} INFO - [2026-05-30T08:52:43.652+0000] {dag.py:3096} INFO - Sync 1 DAGs
[2026-05-30T08:52:43.677+0000] {logging_mixin.py:188} INFO - [2026-05-30T08:52:43.677+0000] {dag.py:3954} INFO - Setting next_dagrun for lyonflow_traffic_pipeline to 2026-05-30 08:50:00+00:00, run_after=2026-05-30 08:55:00+00:00
[2026-05-30T08:52:43.705+0000] {processor.py:183} INFO - Processing /opt/airflow/dags/dag_pipeline.py took 0.118 seconds
[2026-05-30T08:53:13.945+0000] {processor.py:161} INFO - Started process (PID=885) to work on /opt/airflow/dags/dag_pipeline.py
[2026-05-30T08:53:13.946+0000] {processor.py:830} INFO - Processing file /opt/airflow/dags/dag_pipeline.py for tasks to queue
[2026-05-30T08:53:13.948+0000] {logging_mixin.py:188} INFO - [2026-05-30T08:53:13.948+0000] {dagbag.py:545} INFO - Filling up the DagBag from /opt/airflow/dags/dag_pipeline.py
[2026-05-30T08:53:13.966+0000] {processor.py:840} INFO - DAG(s) 'lyonflow_traffic_pipeline' retrieved from /opt/airflow/dags/dag_pipeline.py
[2026-05-30T08:53:14.006+0000] {logging_mixin.py:188} INFO - [2026-05-30T08:53:14.005+0000] {dag.py:3096} INFO - Sync 1 DAGs
[2026-05-30T08:53:14.034+0000] {logging_mixin.py:188} INFO - [2026-05-30T08:53:14.034+0000] {dag.py:3954} INFO - Setting next_dagrun for lyonflow_traffic_pipeline to 2026-05-30 08:50:00+00:00, run_after=2026-05-30 08:55:00+00:00
[2026-05-30T08:53:14.059+0000] {processor.py:183} INFO - Processing /opt/airflow/dags/dag_pipeline.py took 0.122 seconds
[2026-05-30T08:53:44.203+0000] {processor.py:161} INFO - Started process (PID=890) to work on /opt/airflow/dags/dag_pipeline.py
[2026-05-30T08:53:44.204+0000] {processor.py:830} INFO - Processing file /opt/airflow/dags/dag_pipeline.py for tasks to queue
[2026-05-30T08:53:44.207+0000] {logging_mixin.py:188} INFO - [2026-05-30T08:53:44.207+0000] {dagbag.py:545} INFO - Filling up the DagBag from /opt/airflow/dags/dag_pipeline.py
[2026-05-30T08:53:44.229+0000] {processor.py:840} INFO - DAG(s) 'lyonflow_traffic_pipeline' retrieved from /opt/airflow/dags/dag_pipeline.py
[2026-05-30T08:53:44.263+0000] {logging_mixin.py:188} INFO - [2026-05-30T08:53:44.262+0000] {dag.py:3096} INFO - Sync 1 DAGs
[2026-05-30T08:53:44.287+0000] {logging_mixin.py:188} INFO - [2026-05-30T08:53:44.286+0000] {dag.py:3954} INFO - Setting next_dagrun for lyonflow_traffic_pipeline to 2026-05-30 08:50:00+00:00, run_after=2026-05-30 08:55:00+00:00
[2026-05-30T08:53:44.309+0000] {processor.py:183} INFO - Processing /opt/airflow/dags/dag_pipeline.py took 0.115 seconds
[2026-05-30T08:54:14.508+0000] {processor.py:161} INFO - Started process (PID=895) to work on /opt/airflow/dags/dag_pipeline.py
[2026-05-30T08:54:14.509+0000] {processor.py:830} INFO - Processing file /opt/airflow/dags/dag_pipeline.py for tasks to queue
[2026-05-30T08:54:14.511+0000] {logging_mixin.py:188} INFO - [2026-05-30T08:54:14.510+0000] {dagbag.py:545} INFO - Filling up the DagBag from /opt/airflow/dags/dag_pipeline.py
[2026-05-30T08:54:14.532+0000] {processor.py:840} INFO - DAG(s) 'lyonflow_traffic_pipeline' retrieved from /opt/airflow/dags/dag_pipeline.py
[2026-05-30T08:54:14.569+0000] {logging_mixin.py:188} INFO - [2026-05-30T08:54:14.569+0000] {dag.py:3096} INFO - Sync 1 DAGs
[2026-05-30T08:54:14.594+0000] {logging_mixin.py:188} INFO - [2026-05-30T08:54:14.594+0000] {dag.py:3954} INFO - Setting next_dagrun for lyonflow_traffic_pipeline to 2026-05-30 08:50:00+00:00, run_after=2026-05-30 08:55:00+00:00
[2026-05-30T08:54:14.625+0000] {processor.py:183} INFO - Processing /opt/airflow/dags/dag_pipeline.py took 0.125 seconds
[2026-05-30T08:54:44.742+0000] {processor.py:161} INFO - Started process (PID=900) to work on /opt/airflow/dags/dag_pipeline.py
[2026-05-30T08:54:44.743+0000] {processor.py:830} INFO - Processing file /opt/airflow/dags/dag_pipeline.py for tasks to queue
[2026-05-30T08:54:44.745+0000] {logging_mixin.py:188} INFO - [2026-05-30T08:54:44.745+0000] {dagbag.py:545} INFO - Filling up the DagBag from /opt/airflow/dags/dag_pipeline.py
[2026-05-30T08:54:44.770+0000] {processor.py:840} INFO - DAG(s) 'lyonflow_traffic_pipeline' retrieved from /opt/airflow/dags/dag_pipeline.py
[2026-05-30T08:54:44.812+0000] {logging_mixin.py:188} INFO - [2026-05-30T08:54:44.812+0000] {dag.py:3096} INFO - Sync 1 DAGs
[2026-05-30T08:54:44.848+0000] {logging_mixin.py:188} INFO - [2026-05-30T08:54:44.848+0000] {dag.py:3954} INFO - Setting next_dagrun for lyonflow_traffic_pipeline to 2026-05-30 08:50:00+00:00, run_after=2026-05-30 08:55:00+00:00
[2026-05-30T08:54:44.880+0000] {processor.py:183} INFO - Processing /opt/airflow/dags/dag_pipeline.py took 0.148 seconds
[2026-05-30T08:55:15.063+0000] {processor.py:161} INFO - Started process (PID=910) to work on /opt/airflow/dags/dag_pipeline.py
[2026-05-30T08:55:15.065+0000] {processor.py:830} INFO - Processing file /opt/airflow/dags/dag_pipeline.py for tasks to queue
[2026-05-30T08:55:15.068+0000] {logging_mixin.py:188} INFO - [2026-05-30T08:55:15.067+0000] {dagbag.py:545} INFO - Filling up the DagBag from /opt/airflow/dags/dag_pipeline.py
[2026-05-30T08:55:15.089+0000] {processor.py:840} INFO - DAG(s) 'lyonflow_traffic_pipeline' retrieved from /opt/airflow/dags/dag_pipeline.py
[2026-05-30T08:55:15.127+0000] {logging_mixin.py:188} INFO - [2026-05-30T08:55:15.127+0000] {dag.py:3096} INFO - Sync 1 DAGs
[2026-05-30T08:55:15.178+0000] {processor.py:183} INFO - Processing /opt/airflow/dags/dag_pipeline.py took 0.125 seconds
[2026-05-30T08:55:45.341+0000] {processor.py:161} INFO - Started process (PID=915) to work on /opt/airflow/dags/dag_pipeline.py
[2026-05-30T08:55:45.342+0000] {processor.py:830} INFO - Processing file /opt/airflow/dags/dag_pipeline.py for tasks to queue
[2026-05-30T08:55:45.344+0000] {logging_mixin.py:188} INFO - [2026-05-30T08:55:45.344+0000] {dagbag.py:545} INFO - Filling up the DagBag from /opt/airflow/dags/dag_pipeline.py
[2026-05-30T08:55:45.365+0000] {processor.py:840} INFO - DAG(s) 'lyonflow_traffic_pipeline' retrieved from /opt/airflow/dags/dag_pipeline.py
[2026-05-30T08:55:45.404+0000] {logging_mixin.py:188} INFO - [2026-05-30T08:55:45.403+0000] {dag.py:3096} INFO - Sync 1 DAGs
[2026-05-30T08:55:45.463+0000] {processor.py:183} INFO - Processing /opt/airflow/dags/dag_pipeline.py took 0.131 seconds
[2026-05-30T08:56:15.624+0000] {processor.py:161} INFO - Started process (PID=920) to work on /opt/airflow/dags/dag_pipeline.py
[2026-05-30T08:56:15.625+0000] {processor.py:830} INFO - Processing file /opt/airflow/dags/dag_pipeline.py for tasks to queue
[2026-05-30T08:56:15.628+0000] {logging_mixin.py:188} INFO - [2026-05-30T08:56:15.627+0000] {dagbag.py:545} INFO - Filling up the DagBag from /opt/airflow/dags/dag_pipeline.py
[2026-05-30T08:56:15.650+0000] {processor.py:840} INFO - DAG(s) 'lyonflow_traffic_pipeline' retrieved from /opt/airflow/dags/dag_pipeline.py
[2026-05-30T08:56:15.686+0000] {logging_mixin.py:188} INFO - [2026-05-30T08:56:15.686+0000] {dag.py:3096} INFO - Sync 1 DAGs
[2026-05-30T08:56:15.743+0000] {processor.py:183} INFO - Processing /opt/airflow/dags/dag_pipeline.py took 0.128 seconds
[2026-05-30T08:56:45.883+0000] {processor.py:161} INFO - Started process (PID=925) to work on /opt/airflow/dags/dag_pipeline.py
[2026-05-30T08:56:45.884+0000] {processor.py:830} INFO - Processing file /opt/airflow/dags/dag_pipeline.py for tasks to queue
[2026-05-30T08:56:45.887+0000] {logging_mixin.py:188} INFO - [2026-05-30T08:56:45.886+0000] {dagbag.py:545} INFO - Filling up the DagBag from /opt/airflow/dags/dag_pipeline.py
[2026-05-30T08:56:45.911+0000] {processor.py:840} INFO - DAG(s) 'lyonflow_traffic_pipeline' retrieved from /opt/airflow/dags/dag_pipeline.py
[2026-05-30T08:56:45.950+0000] {logging_mixin.py:188} INFO - [2026-05-30T08:56:45.950+0000] {dag.py:3096} INFO - Sync 1 DAGs
[2026-05-30T08:56:45.981+0000] {logging_mixin.py:188} INFO - [2026-05-30T08:56:45.981+0000] {dag.py:3954} INFO - Setting next_dagrun for lyonflow_traffic_pipeline to 2026-05-30 08:55:00+00:00, run_after=2026-05-30 09:00:00+00:00
[2026-05-30T08:56:46.008+0000] {processor.py:183} INFO - Processing /opt/airflow/dags/dag_pipeline.py took 0.136 seconds
[2026-05-30T08:57:16.159+0000] {processor.py:161} INFO - Started process (PID=930) to work on /opt/airflow/dags/dag_pipeline.py
[2026-05-30T08:57:16.160+0000] {processor.py:830} INFO - Processing file /opt/airflow/dags/dag_pipeline.py for tasks to queue
[2026-05-30T08:57:16.162+0000] {logging_mixin.py:188} INFO - [2026-05-30T08:57:16.161+0000] {dagbag.py:545} INFO - Filling up the DagBag from /opt/airflow/dags/dag_pipeline.py
[2026-05-30T08:57:16.181+0000] {processor.py:840} INFO - DAG(s) 'lyonflow_traffic_pipeline' retrieved from /opt/airflow/dags/dag_pipeline.py
[2026-05-30T08:57:16.219+0000] {logging_mixin.py:188} INFO - [2026-05-30T08:57:16.219+0000] {dag.py:3096} INFO - Sync 1 DAGs
[2026-05-30T08:57:16.244+0000] {logging_mixin.py:188} INFO - [2026-05-30T08:57:16.244+0000] {dag.py:3954} INFO - Setting next_dagrun for lyonflow_traffic_pipeline to 2026-05-30 08:55:00+00:00, run_after=2026-05-30 09:00:00+00:00
[2026-05-30T08:57:16.269+0000] {processor.py:183} INFO - Processing /opt/airflow/dags/dag_pipeline.py took 0.118 seconds
[2026-05-30T08:57:46.458+0000] {processor.py:161} INFO - Started process (PID=935) to work on /opt/airflow/dags/dag_pipeline.py
[2026-05-30T08:57:46.459+0000] {processor.py:830} INFO - Processing file /opt/airflow/dags/dag_pipeline.py for tasks to queue
[2026-05-30T08:57:46.461+0000] {logging_mixin.py:188} INFO - [2026-05-30T08:57:46.460+0000] {dagbag.py:545} INFO - Filling up the DagBag from /opt/airflow/dags/dag_pipeline.py
[2026-05-30T08:57:46.481+0000] {processor.py:840} INFO - DAG(s) 'lyonflow_traffic_pipeline' retrieved from /opt/airflow/dags/dag_pipeline.py
[2026-05-30T08:57:46.520+0000] {logging_mixin.py:188} INFO - [2026-05-30T08:57:46.520+0000] {dag.py:3096} INFO - Sync 1 DAGs
[2026-05-30T08:57:46.559+0000] {logging_mixin.py:188} INFO - [2026-05-30T08:57:46.559+0000] {dag.py:3954} INFO - Setting next_dagrun for lyonflow_traffic_pipeline to 2026-05-30 08:55:00+00:00, run_after=2026-05-30 09:00:00+00:00
[2026-05-30T08:57:46.590+0000] {processor.py:183} INFO - Processing /opt/airflow/dags/dag_pipeline.py took 0.140 seconds
[2026-05-30T08:58:16.734+0000] {processor.py:161} INFO - Started process (PID=940) to work on /opt/airflow/dags/dag_pipeline.py
[2026-05-30T08:58:16.735+0000] {processor.py:830} INFO - Processing file /opt/airflow/dags/dag_pipeline.py for tasks to queue
[2026-05-30T08:58:16.737+0000] {logging_mixin.py:188} INFO - [2026-05-30T08:58:16.736+0000] {dagbag.py:545} INFO - Filling up the DagBag from /opt/airflow/dags/dag_pipeline.py
[2026-05-30T08:58:16.762+0000] {processor.py:840} INFO - DAG(s) 'lyonflow_traffic_pipeline' retrieved from /opt/airflow/dags/dag_pipeline.py
[2026-05-30T08:58:16.808+0000] {logging_mixin.py:188} INFO - [2026-05-30T08:58:16.808+0000] {dag.py:3096} INFO - Sync 1 DAGs
[2026-05-30T08:58:16.837+0000] {logging_mixin.py:188} INFO - [2026-05-30T08:58:16.836+0000] {dag.py:3954} INFO - Setting next_dagrun for lyonflow_traffic_pipeline to 2026-05-30 08:55:00+00:00, run_after=2026-05-30 09:00:00+00:00
[2026-05-30T08:58:16.862+0000] {processor.py:183} INFO - Processing /opt/airflow/dags/dag_pipeline.py took 0.139 seconds
[2026-05-30T08:58:47.018+0000] {processor.py:161} INFO - Started process (PID=945) to work on /opt/airflow/dags/dag_pipeline.py
[2026-05-30T08:58:47.019+0000] {processor.py:830} INFO - Processing file /opt/airflow/dags/dag_pipeline.py for tasks to queue
[2026-05-30T08:58:47.023+0000] {logging_mixin.py:188} INFO - [2026-05-30T08:58:47.022+0000] {dagbag.py:545} INFO - Filling up the DagBag from /opt/airflow/dags/dag_pipeline.py
[2026-05-30T08:58:47.042+0000] {processor.py:840} INFO - DAG(s) 'lyonflow_traffic_pipeline' retrieved from /opt/airflow/dags/dag_pipeline.py
[2026-05-30T08:58:47.076+0000] {logging_mixin.py:188} INFO - [2026-05-30T08:58:47.075+0000] {dag.py:3096} INFO - Sync 1 DAGs
[2026-05-30T08:58:47.101+0000] {logging_mixin.py:188} INFO - [2026-05-30T08:58:47.100+0000] {dag.py:3954} INFO - Setting next_dagrun for lyonflow_traffic_pipeline to 2026-05-30 08:55:00+00:00, run_after=2026-05-30 09:00:00+00:00
[2026-05-30T08:58:47.123+0000] {processor.py:183} INFO - Processing /opt/airflow/dags/dag_pipeline.py took 0.113 seconds
[2026-05-30T08:59:17.282+0000] {processor.py:161} INFO - Started process (PID=950) to work on /opt/airflow/dags/dag_pipeline.py
[2026-05-30T08:59:17.283+0000] {processor.py:830} INFO - Processing file /opt/airflow/dags/dag_pipeline.py for tasks to queue
[2026-05-30T08:59:17.285+0000] {logging_mixin.py:188} INFO - [2026-05-30T08:59:17.285+0000] {dagbag.py:545} INFO - Filling up the DagBag from /opt/airflow/dags/dag_pipeline.py
[2026-05-30T08:59:17.304+0000] {processor.py:840} INFO - DAG(s) 'lyonflow_traffic_pipeline' retrieved from /opt/airflow/dags/dag_pipeline.py
[2026-05-30T08:59:17.334+0000] {logging_mixin.py:188} INFO - [2026-05-30T08:59:17.334+0000] {dag.py:3096} INFO - Sync 1 DAGs
[2026-05-30T08:59:17.358+0000] {logging_mixin.py:188} INFO - [2026-05-30T08:59:17.358+0000] {dag.py:3954} INFO - Setting next_dagrun for lyonflow_traffic_pipeline to 2026-05-30 08:55:00+00:00, run_after=2026-05-30 09:00:00+00:00
[2026-05-30T08:59:17.380+0000] {processor.py:183} INFO - Processing /opt/airflow/dags/dag_pipeline.py took 0.106 seconds
[2026-05-30T08:59:47.573+0000] {processor.py:161} INFO - Started process (PID=955) to work on /opt/airflow/dags/dag_pipeline.py
[2026-05-30T08:59:47.575+0000] {processor.py:830} INFO - Processing file /opt/airflow/dags/dag_pipeline.py for tasks to queue
[2026-05-30T08:59:47.578+0000] {logging_mixin.py:188} INFO - [2026-05-30T08:59:47.577+0000] {dagbag.py:545} INFO - Filling up the DagBag from /opt/airflow/dags/dag_pipeline.py
[2026-05-30T08:59:47.610+0000] {processor.py:840} INFO - DAG(s) 'lyonflow_traffic_pipeline' retrieved from /opt/airflow/dags/dag_pipeline.py
[2026-05-30T08:59:47.661+0000] {logging_mixin.py:188} INFO - [2026-05-30T08:59:47.661+0000] {dag.py:3096} INFO - Sync 1 DAGs
[2026-05-30T08:59:47.713+0000] {logging_mixin.py:188} INFO - [2026-05-30T08:59:47.712+0000] {dag.py:3954} INFO - Setting next_dagrun for lyonflow_traffic_pipeline to 2026-05-30 08:55:00+00:00, run_after=2026-05-30 09:00:00+00:00
[2026-05-30T08:59:47.749+0000] {processor.py:183} INFO - Processing /opt/airflow/dags/dag_pipeline.py took 0.189 seconds
[2026-05-30T09:00:17.808+0000] {processor.py:161} INFO - Started process (PID=965) to work on /opt/airflow/dags/dag_pipeline.py
[2026-05-30T09:00:17.808+0000] {processor.py:830} INFO - Processing file /opt/airflow/dags/dag_pipeline.py for tasks to queue
[2026-05-30T09:00:17.811+0000] {logging_mixin.py:188} INFO - [2026-05-30T09:00:17.811+0000] {dagbag.py:545} INFO - Filling up the DagBag from /opt/airflow/dags/dag_pipeline.py
[2026-05-30T09:00:17.835+0000] {processor.py:840} INFO - DAG(s) 'lyonflow_traffic_pipeline' retrieved from /opt/airflow/dags/dag_pipeline.py
[2026-05-30T09:00:17.880+0000] {logging_mixin.py:188} INFO - [2026-05-30T09:00:17.880+0000] {dag.py:3096} INFO - Sync 1 DAGs
[2026-05-30T09:00:17.936+0000] {processor.py:183} INFO - Processing /opt/airflow/dags/dag_pipeline.py took 0.137 seconds
[2026-05-30T09:00:48.194+0000] {processor.py:161} INFO - Started process (PID=992) to work on /opt/airflow/dags/dag_pipeline.py
[2026-05-30T09:00:48.195+0000] {processor.py:830} INFO - Processing file /opt/airflow/dags/dag_pipeline.py for tasks to queue
[2026-05-30T09:00:48.198+0000] {logging_mixin.py:188} INFO - [2026-05-30T09:00:48.197+0000] {dagbag.py:545} INFO - Filling up the DagBag from /opt/airflow/dags/dag_pipeline.py
[2026-05-30T09:00:48.224+0000] {processor.py:840} INFO - DAG(s) 'lyonflow_traffic_pipeline' retrieved from /opt/airflow/dags/dag_pipeline.py
[2026-05-30T09:00:48.277+0000] {logging_mixin.py:188} INFO - [2026-05-30T09:00:48.277+0000] {dag.py:3096} INFO - Sync 1 DAGs
[2026-05-30T09:00:48.349+0000] {processor.py:183} INFO - Processing /opt/airflow/dags/dag_pipeline.py took 0.165 seconds
[2026-05-30T09:01:18.580+0000] {processor.py:161} INFO - Started process (PID=997) to work on /opt/airflow/dags/dag_pipeline.py
[2026-05-30T09:01:18.583+0000] {processor.py:830} INFO - Processing file /opt/airflow/dags/dag_pipeline.py for tasks to queue
[2026-05-30T09:01:18.587+0000] {logging_mixin.py:188} INFO - [2026-05-30T09:01:18.586+0000] {dagbag.py:545} INFO - Filling up the DagBag from /opt/airflow/dags/dag_pipeline.py
[2026-05-30T09:01:18.617+0000] {processor.py:840} INFO - DAG(s) 'lyonflow_traffic_pipeline' retrieved from /opt/airflow/dags/dag_pipeline.py
[2026-05-30T09:01:18.671+0000] {logging_mixin.py:188} INFO - [2026-05-30T09:01:18.671+0000] {dag.py:3096} INFO - Sync 1 DAGs
[2026-05-30T09:01:18.763+0000] {processor.py:183} INFO - Processing /opt/airflow/dags/dag_pipeline.py took 0.201 seconds
[2026-05-30T09:01:49.007+0000] {processor.py:161} INFO - Started process (PID=1002) to work on /opt/airflow/dags/dag_pipeline.py
[2026-05-30T09:01:49.009+0000] {processor.py:830} INFO - Processing file /opt/airflow/dags/dag_pipeline.py for tasks to queue
[2026-05-30T09:01:49.013+0000] {logging_mixin.py:188} INFO - [2026-05-30T09:01:49.011+0000] {dagbag.py:545} INFO - Filling up the DagBag from /opt/airflow/dags/dag_pipeline.py
[2026-05-30T09:01:49.054+0000] {processor.py:840} INFO - DAG(s) 'lyonflow_traffic_pipeline' retrieved from /opt/airflow/dags/dag_pipeline.py
[2026-05-30T09:01:49.109+0000] {logging_mixin.py:188} INFO - [2026-05-30T09:01:49.109+0000] {dag.py:3096} INFO - Sync 1 DAGs
[2026-05-30T09:01:49.176+0000] {processor.py:183} INFO - Processing /opt/airflow/dags/dag_pipeline.py took 0.184 seconds
[2026-05-30T09:02:19.397+0000] {processor.py:161} INFO - Started process (PID=1007) to work on /opt/airflow/dags/dag_pipeline.py
[2026-05-30T09:02:19.398+0000] {processor.py:830} INFO - Processing file /opt/airflow/dags/dag_pipeline.py for tasks to queue
[2026-05-30T09:02:19.400+0000] {logging_mixin.py:188} INFO - [2026-05-30T09:02:19.400+0000] {dagbag.py:545} INFO - Filling up the DagBag from /opt/airflow/dags/dag_pipeline.py
[2026-05-30T09:02:19.422+0000] {processor.py:840} INFO - DAG(s) 'lyonflow_traffic_pipeline' retrieved from /opt/airflow/dags/dag_pipeline.py
[2026-05-30T09:02:19.461+0000] {logging_mixin.py:188} INFO - [2026-05-30T09:02:19.461+0000] {dag.py:3096} INFO - Sync 1 DAGs
[2026-05-30T09:02:19.499+0000] {logging_mixin.py:188} INFO - [2026-05-30T09:02:19.498+0000] {dag.py:3954} INFO - Setting next_dagrun for lyonflow_traffic_pipeline to 2026-05-30 09:00:00+00:00, run_after=2026-05-30 09:05:00+00:00
[2026-05-30T09:02:19.521+0000] {processor.py:183} INFO - Processing /opt/airflow/dags/dag_pipeline.py took 0.133 seconds
[2026-05-30T09:02:49.600+0000] {processor.py:161} INFO - Started process (PID=1012) to work on /opt/airflow/dags/dag_pipeline.py
[2026-05-30T09:02:49.601+0000] {processor.py:830} INFO - Processing file /opt/airflow/dags/dag_pipeline.py for tasks to queue
[2026-05-30T09:02:49.604+0000] {logging_mixin.py:188} INFO - [2026-05-30T09:02:49.604+0000] {dagbag.py:545} INFO - Filling up the DagBag from /opt/airflow/dags/dag_pipeline.py
[2026-05-30T09:02:49.630+0000] {processor.py:840} INFO - DAG(s) 'lyonflow_traffic_pipeline' retrieved from /opt/airflow/dags/dag_pipeline.py
[2026-05-30T09:02:49.676+0000] {logging_mixin.py:188} INFO - [2026-05-30T09:02:49.675+0000] {dag.py:3096} INFO - Sync 1 DAGs
[2026-05-30T09:02:49.712+0000] {logging_mixin.py:188} INFO - [2026-05-30T09:02:49.712+0000] {dag.py:3954} INFO - Setting next_dagrun for lyonflow_traffic_pipeline to 2026-05-30 09:00:00+00:00, run_after=2026-05-30 09:05:00+00:00
[2026-05-30T09:02:49.740+0000] {processor.py:183} INFO - Processing /opt/airflow/dags/dag_pipeline.py took 0.151 seconds
[2026-05-30T09:03:19.978+0000] {processor.py:161} INFO - Started process (PID=1017) to work on /opt/airflow/dags/dag_pipeline.py
[2026-05-30T09:03:19.980+0000] {processor.py:830} INFO - Processing file /opt/airflow/dags/dag_pipeline.py for tasks to queue
[2026-05-30T09:03:19.982+0000] {logging_mixin.py:188} INFO - [2026-05-30T09:03:19.982+0000] {dagbag.py:545} INFO - Filling up the DagBag from /opt/airflow/dags/dag_pipeline.py
[2026-05-30T09:03:20.007+0000] {processor.py:840} INFO - DAG(s) 'lyonflow_traffic_pipeline' retrieved from /opt/airflow/dags/dag_pipeline.py
[2026-05-30T09:03:20.054+0000] {logging_mixin.py:188} INFO - [2026-05-30T09:03:20.054+0000] {dag.py:3096} INFO - Sync 1 DAGs
[2026-05-30T09:03:20.086+0000] {logging_mixin.py:188} INFO - [2026-05-30T09:03:20.086+0000] {dag.py:3954} INFO - Setting next_dagrun for lyonflow_traffic_pipeline to 2026-05-30 09:00:00+00:00, run_after=2026-05-30 09:05:00+00:00
[2026-05-30T09:03:20.118+0000] {processor.py:183} INFO - Processing /opt/airflow/dags/dag_pipeline.py took 0.149 seconds
[2026-05-30T09:03:50.180+0000] {processor.py:161} INFO - Started process (PID=1022) to work on /opt/airflow/dags/dag_pipeline.py
[2026-05-30T09:03:50.181+0000] {processor.py:830} INFO - Processing file /opt/airflow/dags/dag_pipeline.py for tasks to queue
[2026-05-30T09:03:50.183+0000] {logging_mixin.py:188} INFO - [2026-05-30T09:03:50.183+0000] {dagbag.py:545} INFO - Filling up the DagBag from /opt/airflow/dags/dag_pipeline.py
[2026-05-30T09:03:50.204+0000] {processor.py:840} INFO - DAG(s) 'lyonflow_traffic_pipeline' retrieved from /opt/airflow/dags/dag_pipeline.py
[2026-05-30T09:03:50.242+0000] {logging_mixin.py:188} INFO - [2026-05-30T09:03:50.242+0000] {dag.py:3096} INFO - Sync 1 DAGs
[2026-05-30T09:03:50.269+0000] {logging_mixin.py:188} INFO - [2026-05-30T09:03:50.269+0000] {dag.py:3954} INFO - Setting next_dagrun for lyonflow_traffic_pipeline to 2026-05-30 09:00:00+00:00, run_after=2026-05-30 09:05:00+00:00
[2026-05-30T09:03:50.294+0000] {processor.py:183} INFO - Processing /opt/airflow/dags/dag_pipeline.py took 0.122 seconds
[2026-05-30T09:04:20.524+0000] {processor.py:161} INFO - Started process (PID=1027) to work on /opt/airflow/dags/dag_pipeline.py
[2026-05-30T09:04:20.524+0000] {processor.py:830} INFO - Processing file /opt/airflow/dags/dag_pipeline.py for tasks to queue
[2026-05-30T09:04:20.526+0000] {logging_mixin.py:188} INFO - [2026-05-30T09:04:20.526+0000] {dagbag.py:545} INFO - Filling up the DagBag from /opt/airflow/dags/dag_pipeline.py
[2026-05-30T09:04:20.547+0000] {processor.py:840} INFO - DAG(s) 'lyonflow_traffic_pipeline' retrieved from /opt/airflow/dags/dag_pipeline.py
[2026-05-30T09:04:20.586+0000] {logging_mixin.py:188} INFO - [2026-05-30T09:04:20.586+0000] {dag.py:3096} INFO - Sync 1 DAGs
[2026-05-30T09:04:20.617+0000] {logging_mixin.py:188} INFO - [2026-05-30T09:04:20.617+0000] {dag.py:3954} INFO - Setting next_dagrun for lyonflow_traffic_pipeline to 2026-05-30 09:00:00+00:00, run_after=2026-05-30 09:05:00+00:00
[2026-05-30T09:04:20.648+0000] {processor.py:183} INFO - Processing /opt/airflow/dags/dag_pipeline.py took 0.132 seconds
[2026-05-30T09:04:50.736+0000] {processor.py:161} INFO - Started process (PID=1032) to work on /opt/airflow/dags/dag_pipeline.py
[2026-05-30T09:04:50.737+0000] {processor.py:830} INFO - Processing file /opt/airflow/dags/dag_pipeline.py for tasks to queue
[2026-05-30T09:04:50.740+0000] {logging_mixin.py:188} INFO - [2026-05-30T09:04:50.739+0000] {dagbag.py:545} INFO - Filling up the DagBag from /opt/airflow/dags/dag_pipeline.py
[2026-05-30T09:04:50.763+0000] {processor.py:840} INFO - DAG(s) 'lyonflow_traffic_pipeline' retrieved from /opt/airflow/dags/dag_pipeline.py
[2026-05-30T09:04:50.800+0000] {logging_mixin.py:188} INFO - [2026-05-30T09:04:50.800+0000] {dag.py:3096} INFO - Sync 1 DAGs
[2026-05-30T09:04:50.829+0000] {logging_mixin.py:188} INFO - [2026-05-30T09:04:50.829+0000] {dag.py:3954} INFO - Setting next_dagrun for lyonflow_traffic_pipeline to 2026-05-30 09:00:00+00:00, run_after=2026-05-30 09:05:00+00:00
[2026-05-30T09:04:50.857+0000] {processor.py:183} INFO - Processing /opt/airflow/dags/dag_pipeline.py took 0.129 seconds
[2026-05-30T09:05:21.050+0000] {processor.py:161} INFO - Started process (PID=1042) to work on /opt/airflow/dags/dag_pipeline.py
[2026-05-30T09:05:21.051+0000] {processor.py:830} INFO - Processing file /opt/airflow/dags/dag_pipeline.py for tasks to queue
[2026-05-30T09:05:21.054+0000] {logging_mixin.py:188} INFO - [2026-05-30T09:05:21.053+0000] {dagbag.py:545} INFO - Filling up the DagBag from /opt/airflow/dags/dag_pipeline.py
[2026-05-30T09:05:21.081+0000] {processor.py:840} INFO - DAG(s) 'lyonflow_traffic_pipeline' retrieved from /opt/airflow/dags/dag_pipeline.py
[2026-05-30T09:05:21.128+0000] {logging_mixin.py:188} INFO - [2026-05-30T09:05:21.128+0000] {dag.py:3096} INFO - Sync 1 DAGs
[2026-05-30T09:05:21.212+0000] {processor.py:183} INFO - Processing /opt/airflow/dags/dag_pipeline.py took 0.172 seconds
[2026-05-30T09:05:51.262+0000] {processor.py:161} INFO - Started process (PID=1047) to work on /opt/airflow/dags/dag_pipeline.py
[2026-05-30T09:05:51.262+0000] {processor.py:830} INFO - Processing file /opt/airflow/dags/dag_pipeline.py for tasks to queue
[2026-05-30T09:05:51.264+0000] {logging_mixin.py:188} INFO - [2026-05-30T09:05:51.264+0000] {dagbag.py:545} INFO - Filling up the DagBag from /opt/airflow/dags/dag_pipeline.py
[2026-05-30T09:05:51.284+0000] {processor.py:840} INFO - DAG(s) 'lyonflow_traffic_pipeline' retrieved from /opt/airflow/dags/dag_pipeline.py
[2026-05-30T09:05:51.323+0000] {logging_mixin.py:188} INFO - [2026-05-30T09:05:51.323+0000] {dag.py:3096} INFO - Sync 1 DAGs
[2026-05-30T09:05:51.375+0000] {processor.py:183} INFO - Processing /opt/airflow/dags/dag_pipeline.py took 0.122 seconds
[2026-05-30T09:06:21.474+0000] {processor.py:161} INFO - Started process (PID=1052) to work on /opt/airflow/dags/dag_pipeline.py
[2026-05-30T09:06:21.475+0000] {processor.py:830} INFO - Processing file /opt/airflow/dags/dag_pipeline.py for tasks to queue
[2026-05-30T09:06:21.479+0000] {logging_mixin.py:188} INFO - [2026-05-30T09:06:21.478+0000] {dagbag.py:545} INFO - Filling up the DagBag from /opt/airflow/dags/dag_pipeline.py
[2026-05-30T09:06:21.500+0000] {processor.py:840} INFO - DAG(s) 'lyonflow_traffic_pipeline' retrieved from /opt/airflow/dags/dag_pipeline.py
[2026-05-30T09:06:21.536+0000] {logging_mixin.py:188} INFO - [2026-05-30T09:06:21.536+0000] {dag.py:3096} INFO - Sync 1 DAGs
[2026-05-30T09:06:21.589+0000] {processor.py:183} INFO - Processing /opt/airflow/dags/dag_pipeline.py took 0.128 seconds
[2026-05-30T09:06:51.818+0000] {processor.py:161} INFO - Started process (PID=1057) to work on /opt/airflow/dags/dag_pipeline.py
[2026-05-30T09:06:51.819+0000] {processor.py:830} INFO - Processing file /opt/airflow/dags/dag_pipeline.py for tasks to queue
[2026-05-30T09:06:51.824+0000] {logging_mixin.py:188} INFO - [2026-05-30T09:06:51.824+0000] {dagbag.py:545} INFO - Filling up the DagBag from /opt/airflow/dags/dag_pipeline.py
[2026-05-30T09:06:51.843+0000] {processor.py:840} INFO - DAG(s) 'lyonflow_traffic_pipeline' retrieved from /opt/airflow/dags/dag_pipeline.py
[2026-05-30T09:06:51.886+0000] {logging_mixin.py:188} INFO - [2026-05-30T09:06:51.885+0000] {dag.py:3096} INFO - Sync 1 DAGs
[2026-05-30T09:06:51.956+0000] {processor.py:183} INFO - Processing /opt/airflow/dags/dag_pipeline.py took 0.166 seconds
[2026-05-30T09:07:22.011+0000] {processor.py:161} INFO - Started process (PID=1062) to work on /opt/airflow/dags/dag_pipeline.py
[2026-05-30T09:07:22.013+0000] {processor.py:830} INFO - Processing file /opt/airflow/dags/dag_pipeline.py for tasks to queue
[2026-05-30T09:07:22.015+0000] {logging_mixin.py:188} INFO - [2026-05-30T09:07:22.015+0000] {dagbag.py:545} INFO - Filling up the DagBag from /opt/airflow/dags/dag_pipeline.py
[2026-05-30T09:07:22.042+0000] {processor.py:840} INFO - DAG(s) 'lyonflow_traffic_pipeline' retrieved from /opt/airflow/dags/dag_pipeline.py
[2026-05-30T09:07:22.087+0000] {logging_mixin.py:188} INFO - [2026-05-30T09:07:22.086+0000] {dag.py:3096} INFO - Sync 1 DAGs
[2026-05-30T09:07:22.132+0000] {logging_mixin.py:188} INFO - [2026-05-30T09:07:22.132+0000] {dag.py:3954} INFO - Setting next_dagrun for lyonflow_traffic_pipeline to 2026-05-30 09:05:00+00:00, run_after=2026-05-30 09:10:00+00:00
[2026-05-30T09:07:22.160+0000] {processor.py:183} INFO - Processing /opt/airflow/dags/dag_pipeline.py took 0.161 seconds
[2026-05-30T09:07:52.380+0000] {processor.py:161} INFO - Started process (PID=1067) to work on /opt/airflow/dags/dag_pipeline.py
[2026-05-30T09:07:52.381+0000] {processor.py:830} INFO - Processing file /opt/airflow/dags/dag_pipeline.py for tasks to queue
[2026-05-30T09:07:52.383+0000] {logging_mixin.py:188} INFO - [2026-05-30T09:07:52.383+0000] {dagbag.py:545} INFO - Filling up the DagBag from /opt/airflow/dags/dag_pipeline.py
[2026-05-30T09:07:52.401+0000] {processor.py:840} INFO - DAG(s) 'lyonflow_traffic_pipeline' retrieved from /opt/airflow/dags/dag_pipeline.py
[2026-05-30T09:07:52.434+0000] {logging_mixin.py:188} INFO - [2026-05-30T09:07:52.434+0000] {dag.py:3096} INFO - Sync 1 DAGs
[2026-05-30T09:07:52.459+0000] {logging_mixin.py:188} INFO - [2026-05-30T09:07:52.459+0000] {dag.py:3954} INFO - Setting next_dagrun for lyonflow_traffic_pipeline to 2026-05-30 09:05:00+00:00, run_after=2026-05-30 09:10:00+00:00
[2026-05-30T09:07:52.481+0000] {processor.py:183} INFO - Processing /opt/airflow/dags/dag_pipeline.py took 0.108 seconds
[2026-05-30T09:08:22.643+0000] {processor.py:161} INFO - Started process (PID=1072) to work on /opt/airflow/dags/dag_pipeline.py
[2026-05-30T09:08:22.644+0000] {processor.py:830} INFO - Processing file /opt/airflow/dags/dag_pipeline.py for tasks to queue
[2026-05-30T09:08:22.647+0000] {logging_mixin.py:188} INFO - [2026-05-30T09:08:22.646+0000] {dagbag.py:545} INFO - Filling up the DagBag from /opt/airflow/dags/dag_pipeline.py
[2026-05-30T09:08:22.667+0000] {processor.py:840} INFO - DAG(s) 'lyonflow_traffic_pipeline' retrieved from /opt/airflow/dags/dag_pipeline.py
[2026-05-30T09:08:22.704+0000] {logging_mixin.py:188} INFO - [2026-05-30T09:08:22.704+0000] {dag.py:3096} INFO - Sync 1 DAGs
[2026-05-30T09:08:22.732+0000] {logging_mixin.py:188} INFO - [2026-05-30T09:08:22.731+0000] {dag.py:3954} INFO - Setting next_dagrun for lyonflow_traffic_pipeline to 2026-05-30 09:05:00+00:00, run_after=2026-05-30 09:10:00+00:00
[2026-05-30T09:08:22.758+0000] {processor.py:183} INFO - Processing /opt/airflow/dags/dag_pipeline.py took 0.124 seconds
[2026-05-30T09:08:52.918+0000] {processor.py:161} INFO - Started process (PID=1077) to work on /opt/airflow/dags/dag_pipeline.py
[2026-05-30T09:08:52.919+0000] {processor.py:830} INFO - Processing file /opt/airflow/dags/dag_pipeline.py for tasks to queue
[2026-05-30T09:08:52.921+0000] {logging_mixin.py:188} INFO - [2026-05-30T09:08:52.921+0000] {dagbag.py:545} INFO - Filling up the DagBag from /opt/airflow/dags/dag_pipeline.py
[2026-05-30T09:08:52.942+0000] {processor.py:840} INFO - DAG(s) 'lyonflow_traffic_pipeline' retrieved from /opt/airflow/dags/dag_pipeline.py
[2026-05-30T09:08:52.978+0000] {logging_mixin.py:188} INFO - [2026-05-30T09:08:52.977+0000] {dag.py:3096} INFO - Sync 1 DAGs
[2026-05-30T09:08:53.011+0000] {logging_mixin.py:188} INFO - [2026-05-30T09:08:53.010+0000] {dag.py:3954} INFO - Setting next_dagrun for lyonflow_traffic_pipeline to 2026-05-30 09:05:00+00:00, run_after=2026-05-30 09:10:00+00:00
[2026-05-30T09:08:53.036+0000] {processor.py:183} INFO - Processing /opt/airflow/dags/dag_pipeline.py took 0.128 seconds
[2026-05-30T09:09:23.182+0000] {processor.py:161} INFO - Started process (PID=1082) to work on /opt/airflow/dags/dag_pipeline.py
[2026-05-30T09:09:23.183+0000] {processor.py:830} INFO - Processing file /opt/airflow/dags/dag_pipeline.py for tasks to queue
[2026-05-30T09:09:23.186+0000] {logging_mixin.py:188} INFO - [2026-05-30T09:09:23.186+0000] {dagbag.py:545} INFO - Filling up the DagBag from /opt/airflow/dags/dag_pipeline.py
[2026-05-30T09:09:23.207+0000] {processor.py:840} INFO - DAG(s) 'lyonflow_traffic_pipeline' retrieved from /opt/airflow/dags/dag_pipeline.py
[2026-05-30T09:09:23.241+0000] {logging_mixin.py:188} INFO - [2026-05-30T09:09:23.241+0000] {dag.py:3096} INFO - Sync 1 DAGs
[2026-05-30T09:09:23.267+0000] {logging_mixin.py:188} INFO - [2026-05-30T09:09:23.267+0000] {dag.py:3954} INFO - Setting next_dagrun for lyonflow_traffic_pipeline to 2026-05-30 09:05:00+00:00, run_after=2026-05-30 09:10:00+00:00
[2026-05-30T09:09:23.291+0000] {processor.py:183} INFO - Processing /opt/airflow/dags/dag_pipeline.py took 0.120 seconds
[2026-05-30T09:09:53.463+0000] {processor.py:161} INFO - Started process (PID=1087) to work on /opt/airflow/dags/dag_pipeline.py
[2026-05-30T09:09:53.463+0000] {processor.py:830} INFO - Processing file /opt/airflow/dags/dag_pipeline.py for tasks to queue
[2026-05-30T09:09:53.465+0000] {logging_mixin.py:188} INFO - [2026-05-30T09:09:53.465+0000] {dagbag.py:545} INFO - Filling up the DagBag from /opt/airflow/dags/dag_pipeline.py
[2026-05-30T09:09:53.483+0000] {processor.py:840} INFO - DAG(s) 'lyonflow_traffic_pipeline' retrieved from /opt/airflow/dags/dag_pipeline.py
[2026-05-30T09:09:53.516+0000] {logging_mixin.py:188} INFO - [2026-05-30T09:09:53.515+0000] {dag.py:3096} INFO - Sync 1 DAGs
[2026-05-30T09:09:53.541+0000] {logging_mixin.py:188} INFO - [2026-05-30T09:09:53.541+0000] {dag.py:3954} INFO - Setting next_dagrun for lyonflow_traffic_pipeline to 2026-05-30 09:05:00+00:00, run_after=2026-05-30 09:10:00+00:00
[2026-05-30T09:09:53.565+0000] {processor.py:183} INFO - Processing /opt/airflow/dags/dag_pipeline.py took 0.110 seconds
[2026-05-30T09:10:23.712+0000] {processor.py:161} INFO - Started process (PID=1097) to work on /opt/airflow/dags/dag_pipeline.py
[2026-05-30T09:10:23.713+0000] {processor.py:830} INFO - Processing file /opt/airflow/dags/dag_pipeline.py for tasks to queue
[2026-05-30T09:10:23.715+0000] {logging_mixin.py:188} INFO - [2026-05-30T09:10:23.714+0000] {dagbag.py:545} INFO - Filling up the DagBag from /opt/airflow/dags/dag_pipeline.py
[2026-05-30T09:10:23.733+0000] {processor.py:840} INFO - DAG(s) 'lyonflow_traffic_pipeline' retrieved from /opt/airflow/dags/dag_pipeline.py
[2026-05-30T09:10:23.771+0000] {logging_mixin.py:188} INFO - [2026-05-30T09:10:23.771+0000] {dag.py:3096} INFO - Sync 1 DAGs
[2026-05-30T09:10:23.815+0000] {processor.py:183} INFO - Processing /opt/airflow/dags/dag_pipeline.py took 0.111 seconds
[2026-05-30T09:10:54.007+0000] {processor.py:161} INFO - Started process (PID=1102) to work on /opt/airflow/dags/dag_pipeline.py
[2026-05-30T09:10:54.008+0000] {processor.py:830} INFO - Processing file /opt/airflow/dags/dag_pipeline.py for tasks to queue
[2026-05-30T09:10:54.010+0000] {logging_mixin.py:188} INFO - [2026-05-30T09:10:54.010+0000] {dagbag.py:545} INFO - Filling up the DagBag from /opt/airflow/dags/dag_pipeline.py
[2026-05-30T09:10:54.032+0000] {processor.py:840} INFO - DAG(s) 'lyonflow_traffic_pipeline' retrieved from /opt/airflow/dags/dag_pipeline.py
[2026-05-30T09:10:54.069+0000] {logging_mixin.py:188} INFO - [2026-05-30T09:10:54.069+0000] {dag.py:3096} INFO - Sync 1 DAGs
[2026-05-30T09:10:54.122+0000] {processor.py:183} INFO - Processing /opt/airflow/dags/dag_pipeline.py took 0.124 seconds
[2026-05-30T09:11:24.224+0000] {processor.py:161} INFO - Started process (PID=1107) to work on /opt/airflow/dags/dag_pipeline.py
[2026-05-30T09:11:24.225+0000] {processor.py:830} INFO - Processing file /opt/airflow/dags/dag_pipeline.py for tasks to queue
[2026-05-30T09:11:24.227+0000] {logging_mixin.py:188} INFO - [2026-05-30T09:11:24.227+0000] {dagbag.py:545} INFO - Filling up the DagBag from /opt/airflow/dags/dag_pipeline.py
[2026-05-30T09:11:24.246+0000] {processor.py:840} INFO - DAG(s) 'lyonflow_traffic_pipeline' retrieved from /opt/airflow/dags/dag_pipeline.py
[2026-05-30T09:11:24.287+0000] {logging_mixin.py:188} INFO - [2026-05-30T09:11:24.287+0000] {dag.py:3096} INFO - Sync 1 DAGs
[2026-05-30T09:11:24.332+0000] {processor.py:183} INFO - Processing /opt/airflow/dags/dag_pipeline.py took 0.116 seconds
[2026-05-30T09:11:54.556+0000] {processor.py:161} INFO - Started process (PID=1112) to work on /opt/airflow/dags/dag_pipeline.py
[2026-05-30T09:11:54.557+0000] {processor.py:830} INFO - Processing file /opt/airflow/dags/dag_pipeline.py for tasks to queue
[2026-05-30T09:11:54.559+0000] {logging_mixin.py:188} INFO - [2026-05-30T09:11:54.559+0000] {dagbag.py:545} INFO - Filling up the DagBag from /opt/airflow/dags/dag_pipeline.py
[2026-05-30T09:11:54.582+0000] {processor.py:840} INFO - DAG(s) 'lyonflow_traffic_pipeline' retrieved from /opt/airflow/dags/dag_pipeline.py
[2026-05-30T09:11:54.618+0000] {logging_mixin.py:188} INFO - [2026-05-30T09:11:54.617+0000] {dag.py:3096} INFO - Sync 1 DAGs
[2026-05-30T09:11:54.653+0000] {logging_mixin.py:188} INFO - [2026-05-30T09:11:54.653+0000] {dag.py:3954} INFO - Setting next_dagrun for lyonflow_traffic_pipeline to 2026-05-30 09:10:00+00:00, run_after=2026-05-30 09:15:00+00:00
[2026-05-30T09:11:54.678+0000] {processor.py:183} INFO - Processing /opt/airflow/dags/dag_pipeline.py took 0.131 seconds
[2026-05-30T09:12:24.762+0000] {processor.py:161} INFO - Started process (PID=1117) to work on /opt/airflow/dags/dag_pipeline.py
[2026-05-30T09:12:24.763+0000] {processor.py:830} INFO - Processing file /opt/airflow/dags/dag_pipeline.py for tasks to queue
[2026-05-30T09:12:24.765+0000] {logging_mixin.py:188} INFO - [2026-05-30T09:12:24.764+0000] {dagbag.py:545} INFO - Filling up the DagBag from /opt/airflow/dags/dag_pipeline.py
[2026-05-30T09:12:24.783+0000] {processor.py:840} INFO - DAG(s) 'lyonflow_traffic_pipeline' retrieved from /opt/airflow/dags/dag_pipeline.py
[2026-05-30T09:12:24.819+0000] {logging_mixin.py:188} INFO - [2026-05-30T09:12:24.819+0000] {dag.py:3096} INFO - Sync 1 DAGs
[2026-05-30T09:12:24.847+0000] {logging_mixin.py:188} INFO - [2026-05-30T09:12:24.847+0000] {dag.py:3954} INFO - Setting next_dagrun for lyonflow_traffic_pipeline to 2026-05-30 09:10:00+00:00, run_after=2026-05-30 09:15:00+00:00
[2026-05-30T09:12:24.873+0000] {processor.py:183} INFO - Processing /opt/airflow/dags/dag_pipeline.py took 0.119 seconds
[2026-05-30T09:12:55.107+0000] {processor.py:161} INFO - Started process (PID=1122) to work on /opt/airflow/dags/dag_pipeline.py
[2026-05-30T09:12:55.107+0000] {processor.py:830} INFO - Processing file /opt/airflow/dags/dag_pipeline.py for tasks to queue
[2026-05-30T09:12:55.110+0000] {logging_mixin.py:188} INFO - [2026-05-30T09:12:55.109+0000] {dagbag.py:545} INFO - Filling up the DagBag from /opt/airflow/dags/dag_pipeline.py
[2026-05-30T09:12:55.129+0000] {processor.py:840} INFO - DAG(s) 'lyonflow_traffic_pipeline' retrieved from /opt/airflow/dags/dag_pipeline.py
[2026-05-30T09:12:55.164+0000] {logging_mixin.py:188} INFO - [2026-05-30T09:12:55.164+0000] {dag.py:3096} INFO - Sync 1 DAGs
[2026-05-30T09:12:55.193+0000] {logging_mixin.py:188} INFO - [2026-05-30T09:12:55.193+0000] {dag.py:3954} INFO - Setting next_dagrun for lyonflow_traffic_pipeline to 2026-05-30 09:10:00+00:00, run_after=2026-05-30 09:15:00+00:00
[2026-05-30T09:12:55.216+0000] {processor.py:183} INFO - Processing /opt/airflow/dags/dag_pipeline.py took 0.117 seconds
[2026-05-30T09:13:25.357+0000] {processor.py:161} INFO - Started process (PID=1127) to work on /opt/airflow/dags/dag_pipeline.py
[2026-05-30T09:13:25.358+0000] {processor.py:830} INFO - Processing file /opt/airflow/dags/dag_pipeline.py for tasks to queue
[2026-05-30T09:13:25.360+0000] {logging_mixin.py:188} INFO - [2026-05-30T09:13:25.360+0000] {dagbag.py:545} INFO - Filling up the DagBag from /opt/airflow/dags/dag_pipeline.py
[2026-05-30T09:13:25.378+0000] {processor.py:840} INFO - DAG(s) 'lyonflow_traffic_pipeline' retrieved from /opt/airflow/dags/dag_pipeline.py
[2026-05-30T09:13:25.413+0000] {logging_mixin.py:188} INFO - [2026-05-30T09:13:25.412+0000] {dag.py:3096} INFO - Sync 1 DAGs
[2026-05-30T09:13:25.441+0000] {logging_mixin.py:188} INFO - [2026-05-30T09:13:25.441+0000] {dag.py:3954} INFO - Setting next_dagrun for lyonflow_traffic_pipeline to 2026-05-30 09:10:00+00:00, run_after=2026-05-30 09:15:00+00:00
[2026-05-30T09:13:25.468+0000] {processor.py:183} INFO - Processing /opt/airflow/dags/dag_pipeline.py took 0.118 seconds
[2026-05-30T09:13:55.651+0000] {processor.py:161} INFO - Started process (PID=1132) to work on /opt/airflow/dags/dag_pipeline.py
[2026-05-30T09:13:55.652+0000] {processor.py:830} INFO - Processing file /opt/airflow/dags/dag_pipeline.py for tasks to queue
[2026-05-30T09:13:55.654+0000] {logging_mixin.py:188} INFO - [2026-05-30T09:13:55.654+0000] {dagbag.py:545} INFO - Filling up the DagBag from /opt/airflow/dags/dag_pipeline.py
[2026-05-30T09:13:55.675+0000] {processor.py:840} INFO - DAG(s) 'lyonflow_traffic_pipeline' retrieved from /opt/airflow/dags/dag_pipeline.py
[2026-05-30T09:13:55.712+0000] {logging_mixin.py:188} INFO - [2026-05-30T09:13:55.712+0000] {dag.py:3096} INFO - Sync 1 DAGs
[2026-05-30T09:13:55.738+0000] {logging_mixin.py:188} INFO - [2026-05-30T09:13:55.738+0000] {dag.py:3954} INFO - Setting next_dagrun for lyonflow_traffic_pipeline to 2026-05-30 09:10:00+00:00, run_after=2026-05-30 09:15:00+00:00
[2026-05-30T09:13:55.763+0000] {processor.py:183} INFO - Processing /opt/airflow/dags/dag_pipeline.py took 0.121 seconds
[2026-05-30T09:14:25.867+0000] {processor.py:161} INFO - Started process (PID=1137) to work on /opt/airflow/dags/dag_pipeline.py
[2026-05-30T09:14:25.868+0000] {processor.py:830} INFO - Processing file /opt/airflow/dags/dag_pipeline.py for tasks to queue
[2026-05-30T09:14:25.870+0000] {logging_mixin.py:188} INFO - [2026-05-30T09:14:25.870+0000] {dagbag.py:545} INFO - Filling up the DagBag from /opt/airflow/dags/dag_pipeline.py
[2026-05-30T09:14:25.890+0000] {processor.py:840} INFO - DAG(s) 'lyonflow_traffic_pipeline' retrieved from /opt/airflow/dags/dag_pipeline.py
[2026-05-30T09:14:25.930+0000] {logging_mixin.py:188} INFO - [2026-05-30T09:14:25.929+0000] {dag.py:3096} INFO - Sync 1 DAGs
[2026-05-30T09:14:25.958+0000] {logging_mixin.py:188} INFO - [2026-05-30T09:14:25.958+0000] {dag.py:3954} INFO - Setting next_dagrun for lyonflow_traffic_pipeline to 2026-05-30 09:10:00+00:00, run_after=2026-05-30 09:15:00+00:00
[2026-05-30T09:14:25.982+0000] {processor.py:183} INFO - Processing /opt/airflow/dags/dag_pipeline.py took 0.123 seconds
[2026-05-30T09:14:56.184+0000] {processor.py:161} INFO - Started process (PID=1142) to work on /opt/airflow/dags/dag_pipeline.py
[2026-05-30T09:14:56.185+0000] {processor.py:830} INFO - Processing file /opt/airflow/dags/dag_pipeline.py for tasks to queue
[2026-05-30T09:14:56.187+0000] {logging_mixin.py:188} INFO - [2026-05-30T09:14:56.187+0000] {dagbag.py:545} INFO - Filling up the DagBag from /opt/airflow/dags/dag_pipeline.py
[2026-05-30T09:14:56.205+0000] {processor.py:840} INFO - DAG(s) 'lyonflow_traffic_pipeline' retrieved from /opt/airflow/dags/dag_pipeline.py
[2026-05-30T09:14:56.242+0000] {logging_mixin.py:188} INFO - [2026-05-30T09:14:56.242+0000] {dag.py:3096} INFO - Sync 1 DAGs
[2026-05-30T09:14:56.272+0000] {logging_mixin.py:188} INFO - [2026-05-30T09:14:56.272+0000] {dag.py:3954} INFO - Setting next_dagrun for lyonflow_traffic_pipeline to 2026-05-30 09:10:00+00:00, run_after=2026-05-30 09:15:00+00:00
[2026-05-30T09:14:56.296+0000] {processor.py:183} INFO - Processing /opt/airflow/dags/dag_pipeline.py took 0.119 seconds
[2026-05-30T09:15:26.402+0000] {processor.py:161} INFO - Started process (PID=1152) to work on /opt/airflow/dags/dag_pipeline.py
[2026-05-30T09:15:26.403+0000] {processor.py:830} INFO - Processing file /opt/airflow/dags/dag_pipeline.py for tasks to queue
[2026-05-30T09:15:26.406+0000] {logging_mixin.py:188} INFO - [2026-05-30T09:15:26.406+0000] {dagbag.py:545} INFO - Filling up the DagBag from /opt/airflow/dags/dag_pipeline.py
[2026-05-30T09:15:26.441+0000] {processor.py:840} INFO - DAG(s) 'lyonflow_traffic_pipeline' retrieved from /opt/airflow/dags/dag_pipeline.py
[2026-05-30T09:15:26.499+0000] {logging_mixin.py:188} INFO - [2026-05-30T09:15:26.498+0000] {dag.py:3096} INFO - Sync 1 DAGs
[2026-05-30T09:15:26.560+0000] {processor.py:183} INFO - Processing /opt/airflow/dags/dag_pipeline.py took 0.168 seconds
[2026-05-30T09:15:56.731+0000] {processor.py:161} INFO - Started process (PID=1157) to work on /opt/airflow/dags/dag_pipeline.py
[2026-05-30T09:15:56.732+0000] {processor.py:830} INFO - Processing file /opt/airflow/dags/dag_pipeline.py for tasks to queue
[2026-05-30T09:15:56.734+0000] {logging_mixin.py:188} INFO - [2026-05-30T09:15:56.733+0000] {dagbag.py:545} INFO - Filling up the DagBag from /opt/airflow/dags/dag_pipeline.py
[2026-05-30T09:15:56.759+0000] {processor.py:840} INFO - DAG(s) 'lyonflow_traffic_pipeline' retrieved from /opt/airflow/dags/dag_pipeline.py
[2026-05-30T09:15:56.798+0000] {logging_mixin.py:188} INFO - [2026-05-30T09:15:56.798+0000] {dag.py:3096} INFO - Sync 1 DAGs
[2026-05-30T09:15:56.851+0000] {processor.py:183} INFO - Processing /opt/airflow/dags/dag_pipeline.py took 0.131 seconds
[2026-05-30T09:16:26.975+0000] {processor.py:161} INFO - Started process (PID=1162) to work on /opt/airflow/dags/dag_pipeline.py
[2026-05-30T09:16:26.976+0000] {processor.py:830} INFO - Processing file /opt/airflow/dags/dag_pipeline.py for tasks to queue
[2026-05-30T09:16:26.978+0000] {logging_mixin.py:188} INFO - [2026-05-30T09:16:26.978+0000] {dagbag.py:545} INFO - Filling up the DagBag from /opt/airflow/dags/dag_pipeline.py
[2026-05-30T09:16:26.998+0000] {processor.py:840} INFO - DAG(s) 'lyonflow_traffic_pipeline' retrieved from /opt/airflow/dags/dag_pipeline.py
[2026-05-30T09:16:27.033+0000] {logging_mixin.py:188} INFO - [2026-05-30T09:16:27.033+0000] {dag.py:3096} INFO - Sync 1 DAGs
[2026-05-30T09:16:27.082+0000] {processor.py:183} INFO - Processing /opt/airflow/dags/dag_pipeline.py took 0.115 seconds
[2026-05-30T09:16:57.262+0000] {processor.py:161} INFO - Started process (PID=1167) to work on /opt/airflow/dags/dag_pipeline.py
[2026-05-30T09:16:57.263+0000] {processor.py:830} INFO - Processing file /opt/airflow/dags/dag_pipeline.py for tasks to queue
[2026-05-30T09:16:57.265+0000] {logging_mixin.py:188} INFO - [2026-05-30T09:16:57.265+0000] {dagbag.py:545} INFO - Filling up the DagBag from /opt/airflow/dags/dag_pipeline.py
[2026-05-30T09:16:57.286+0000] {processor.py:840} INFO - DAG(s) 'lyonflow_traffic_pipeline' retrieved from /opt/airflow/dags/dag_pipeline.py
[2026-05-30T09:16:57.328+0000] {logging_mixin.py:188} INFO - [2026-05-30T09:16:57.328+0000] {dag.py:3096} INFO - Sync 1 DAGs
[2026-05-30T09:16:57.359+0000] {logging_mixin.py:188} INFO - [2026-05-30T09:16:57.359+0000] {dag.py:3954} INFO - Setting next_dagrun for lyonflow_traffic_pipeline to 2026-05-30 09:15:00+00:00, run_after=2026-05-30 09:20:00+00:00
[2026-05-30T09:16:57.385+0000] {processor.py:183} INFO - Processing /opt/airflow/dags/dag_pipeline.py took 0.130 seconds
[2026-05-30T09:17:27.482+0000] {processor.py:161} INFO - Started process (PID=1172) to work on /opt/airflow/dags/dag_pipeline.py
[2026-05-30T09:17:27.483+0000] {processor.py:830} INFO - Processing file /opt/airflow/dags/dag_pipeline.py for tasks to queue
[2026-05-30T09:17:27.485+0000] {logging_mixin.py:188} INFO - [2026-05-30T09:17:27.485+0000] {dagbag.py:545} INFO - Filling up the DagBag from /opt/airflow/dags/dag_pipeline.py
[2026-05-30T09:17:27.504+0000] {processor.py:840} INFO - DAG(s) 'lyonflow_traffic_pipeline' retrieved from /opt/airflow/dags/dag_pipeline.py
[2026-05-30T09:17:27.540+0000] {logging_mixin.py:188} INFO - [2026-05-30T09:17:27.540+0000] {dag.py:3096} INFO - Sync 1 DAGs
[2026-05-30T09:17:27.567+0000] {logging_mixin.py:188} INFO - [2026-05-30T09:17:27.567+0000] {dag.py:3954} INFO - Setting next_dagrun for lyonflow_traffic_pipeline to 2026-05-30 09:15:00+00:00, run_after=2026-05-30 09:20:00+00:00
[2026-05-30T09:17:27.593+0000] {processor.py:183} INFO - Processing /opt/airflow/dags/dag_pipeline.py took 0.119 seconds
[2026-05-30T09:17:57.826+0000] {processor.py:161} INFO - Started process (PID=1177) to work on /opt/airflow/dags/dag_pipeline.py
[2026-05-30T09:17:57.828+0000] {processor.py:830} INFO - Processing file /opt/airflow/dags/dag_pipeline.py for tasks to queue
[2026-05-30T09:17:57.830+0000] {logging_mixin.py:188} INFO - [2026-05-30T09:17:57.830+0000] {dagbag.py:545} INFO - Filling up the DagBag from /opt/airflow/dags/dag_pipeline.py
[2026-05-30T09:17:57.860+0000] {processor.py:840} INFO - DAG(s) 'lyonflow_traffic_pipeline' retrieved from /opt/airflow/dags/dag_pipeline.py
[2026-05-30T09:17:57.901+0000] {logging_mixin.py:188} INFO - [2026-05-30T09:17:57.901+0000] {dag.py:3096} INFO - Sync 1 DAGs
[2026-05-30T09:17:57.931+0000] {logging_mixin.py:188} INFO - [2026-05-30T09:17:57.931+0000] {dag.py:3954} INFO - Setting next_dagrun for lyonflow_traffic_pipeline to 2026-05-30 09:15:00+00:00, run_after=2026-05-30 09:20:00+00:00
[2026-05-30T09:17:57.954+0000] {processor.py:183} INFO - Processing /opt/airflow/dags/dag_pipeline.py took 0.138 seconds
[2026-05-30T09:18:28.079+0000] {processor.py:161} INFO - Started process (PID=1182) to work on /opt/airflow/dags/dag_pipeline.py
[2026-05-30T09:18:28.080+0000] {processor.py:830} INFO - Processing file /opt/airflow/dags/dag_pipeline.py for tasks to queue
[2026-05-30T09:18:28.081+0000] {logging_mixin.py:188} INFO - [2026-05-30T09:18:28.081+0000] {dagbag.py:545} INFO - Filling up the DagBag from /opt/airflow/dags/dag_pipeline.py
[2026-05-30T09:18:28.100+0000] {processor.py:840} INFO - DAG(s) 'lyonflow_traffic_pipeline' retrieved from /opt/airflow/dags/dag_pipeline.py
[2026-05-30T09:18:28.141+0000] {logging_mixin.py:188} INFO - [2026-05-30T09:18:28.140+0000] {dag.py:3096} INFO - Sync 1 DAGs
[2026-05-30T09:18:28.167+0000] {logging_mixin.py:188} INFO - [2026-05-30T09:18:28.167+0000] {dag.py:3954} INFO - Setting next_dagrun for lyonflow_traffic_pipeline to 2026-05-30 09:15:00+00:00, run_after=2026-05-30 09:20:00+00:00
[2026-05-30T09:18:28.191+0000] {processor.py:183} INFO - Processing /opt/airflow/dags/dag_pipeline.py took 0.119 seconds
[2026-05-30T09:18:58.379+0000] {processor.py:161} INFO - Started process (PID=1187) to work on /opt/airflow/dags/dag_pipeline.py
[2026-05-30T09:18:58.380+0000] {processor.py:830} INFO - Processing file /opt/airflow/dags/dag_pipeline.py for tasks to queue
[2026-05-30T09:18:58.383+0000] {logging_mixin.py:188} INFO - [2026-05-30T09:18:58.383+0000] {dagbag.py:545} INFO - Filling up the DagBag from /opt/airflow/dags/dag_pipeline.py
[2026-05-30T09:18:58.402+0000] {processor.py:840} INFO - DAG(s) 'lyonflow_traffic_pipeline' retrieved from /opt/airflow/dags/dag_pipeline.py
[2026-05-30T09:18:58.439+0000] {logging_mixin.py:188} INFO - [2026-05-30T09:18:58.439+0000] {dag.py:3096} INFO - Sync 1 DAGs
[2026-05-30T09:18:58.466+0000] {logging_mixin.py:188} INFO - [2026-05-30T09:18:58.466+0000] {dag.py:3954} INFO - Setting next_dagrun for lyonflow_traffic_pipeline to 2026-05-30 09:15:00+00:00, run_after=2026-05-30 09:20:00+00:00
[2026-05-30T09:18:58.492+0000] {processor.py:183} INFO - Processing /opt/airflow/dags/dag_pipeline.py took 0.122 seconds
[2026-05-30T09:19:28.617+0000] {processor.py:161} INFO - Started process (PID=1192) to work on /opt/airflow/dags/dag_pipeline.py
[2026-05-30T09:19:28.618+0000] {processor.py:830} INFO - Processing file /opt/airflow/dags/dag_pipeline.py for tasks to queue
[2026-05-30T09:19:28.620+0000] {logging_mixin.py:188} INFO - [2026-05-30T09:19:28.619+0000] {dagbag.py:545} INFO - Filling up the DagBag from /opt/airflow/dags/dag_pipeline.py
[2026-05-30T09:19:28.638+0000] {processor.py:840} INFO - DAG(s) 'lyonflow_traffic_pipeline' retrieved from /opt/airflow/dags/dag_pipeline.py
[2026-05-30T09:19:28.675+0000] {logging_mixin.py:188} INFO - [2026-05-30T09:19:28.675+0000] {dag.py:3096} INFO - Sync 1 DAGs
[2026-05-30T09:19:28.702+0000] {logging_mixin.py:188} INFO - [2026-05-30T09:19:28.702+0000] {dag.py:3954} INFO - Setting next_dagrun for lyonflow_traffic_pipeline to 2026-05-30 09:15:00+00:00, run_after=2026-05-30 09:20:00+00:00
[2026-05-30T09:19:28.727+0000] {processor.py:183} INFO - Processing /opt/airflow/dags/dag_pipeline.py took 0.118 seconds
[2026-05-30T09:19:58.913+0000] {processor.py:161} INFO - Started process (PID=1197) to work on /opt/airflow/dags/dag_pipeline.py
[2026-05-30T09:19:58.914+0000] {processor.py:830} INFO - Processing file /opt/airflow/dags/dag_pipeline.py for tasks to queue
[2026-05-30T09:19:58.917+0000] {logging_mixin.py:188} INFO - [2026-05-30T09:19:58.916+0000] {dagbag.py:545} INFO - Filling up the DagBag from /opt/airflow/dags/dag_pipeline.py
[2026-05-30T09:19:58.938+0000] {processor.py:840} INFO - DAG(s) 'lyonflow_traffic_pipeline' retrieved from /opt/airflow/dags/dag_pipeline.py
[2026-05-30T09:19:58.975+0000] {logging_mixin.py:188} INFO - [2026-05-30T09:19:58.975+0000] {dag.py:3096} INFO - Sync 1 DAGs
[2026-05-30T09:19:59.004+0000] {logging_mixin.py:188} INFO - [2026-05-30T09:19:59.004+0000] {dag.py:3954} INFO - Setting next_dagrun for lyonflow_traffic_pipeline to 2026-05-30 09:15:00+00:00, run_after=2026-05-30 09:20:00+00:00
[2026-05-30T09:19:59.036+0000] {processor.py:183} INFO - Processing /opt/airflow/dags/dag_pipeline.py took 0.132 seconds
[2026-05-30T09:20:29.169+0000] {processor.py:161} INFO - Started process (PID=1207) to work on /opt/airflow/dags/dag_pipeline.py
[2026-05-30T09:20:29.170+0000] {processor.py:830} INFO - Processing file /opt/airflow/dags/dag_pipeline.py for tasks to queue
[2026-05-30T09:20:29.173+0000] {logging_mixin.py:188} INFO - [2026-05-30T09:20:29.172+0000] {dagbag.py:545} INFO - Filling up the DagBag from /opt/airflow/dags/dag_pipeline.py
[2026-05-30T09:20:29.201+0000] {processor.py:840} INFO - DAG(s) 'lyonflow_traffic_pipeline' retrieved from /opt/airflow/dags/dag_pipeline.py
[2026-05-30T09:20:29.248+0000] {logging_mixin.py:188} INFO - [2026-05-30T09:20:29.248+0000] {dag.py:3096} INFO - Sync 1 DAGs
[2026-05-30T09:20:29.307+0000] {processor.py:183} INFO - Processing /opt/airflow/dags/dag_pipeline.py took 0.149 seconds
[2026-05-30T09:20:59.480+0000] {processor.py:161} INFO - Started process (PID=1212) to work on /opt/airflow/dags/dag_pipeline.py
[2026-05-30T09:20:59.485+0000] {processor.py:830} INFO - Processing file /opt/airflow/dags/dag_pipeline.py for tasks to queue
[2026-05-30T09:20:59.489+0000] {logging_mixin.py:188} INFO - [2026-05-30T09:20:59.488+0000] {dagbag.py:545} INFO - Filling up the DagBag from /opt/airflow/dags/dag_pipeline.py
[2026-05-30T09:20:59.514+0000] {processor.py:840} INFO - DAG(s) 'lyonflow_traffic_pipeline' retrieved from /opt/airflow/dags/dag_pipeline.py
[2026-05-30T09:20:59.556+0000] {logging_mixin.py:188} INFO - [2026-05-30T09:20:59.556+0000] {dag.py:3096} INFO - Sync 1 DAGs
[2026-05-30T09:20:59.616+0000] {processor.py:183} INFO - Processing /opt/airflow/dags/dag_pipeline.py took 0.147 seconds
[2026-05-30T09:21:29.748+0000] {processor.py:161} INFO - Started process (PID=1217) to work on /opt/airflow/dags/dag_pipeline.py
[2026-05-30T09:21:29.750+0000] {processor.py:830} INFO - Processing file /opt/airflow/dags/dag_pipeline.py for tasks to queue
[2026-05-30T09:21:29.753+0000] {logging_mixin.py:188} INFO - [2026-05-30T09:21:29.752+0000] {dagbag.py:545} INFO - Filling up the DagBag from /opt/airflow/dags/dag_pipeline.py
[2026-05-30T09:21:29.789+0000] {processor.py:840} INFO - DAG(s) 'lyonflow_traffic_pipeline' retrieved from /opt/airflow/dags/dag_pipeline.py
[2026-05-30T09:21:29.833+0000] {logging_mixin.py:188} INFO - [2026-05-30T09:21:29.832+0000] {dag.py:3096} INFO - Sync 1 DAGs
[2026-05-30T09:21:29.888+0000] {processor.py:183} INFO - Processing /opt/airflow/dags/dag_pipeline.py took 0.150 seconds
[2026-05-30T09:22:00.083+0000] {processor.py:161} INFO - Started process (PID=1222) to work on /opt/airflow/dags/dag_pipeline.py
[2026-05-30T09:22:00.084+0000] {processor.py:830} INFO - Processing file /opt/airflow/dags/dag_pipeline.py for tasks to queue
[2026-05-30T09:22:00.086+0000] {logging_mixin.py:188} INFO - [2026-05-30T09:22:00.086+0000] {dagbag.py:545} INFO - Filling up the DagBag from /opt/airflow/dags/dag_pipeline.py
[2026-05-30T09:22:00.114+0000] {processor.py:840} INFO - DAG(s) 'lyonflow_traffic_pipeline' retrieved from /opt/airflow/dags/dag_pipeline.py
[2026-05-30T09:22:00.176+0000] {logging_mixin.py:188} INFO - [2026-05-30T09:22:00.176+0000] {dag.py:3096} INFO - Sync 1 DAGs
[2026-05-30T09:22:00.208+0000] {logging_mixin.py:188} INFO - [2026-05-30T09:22:00.208+0000] {dag.py:3954} INFO - Setting next_dagrun for lyonflow_traffic_pipeline to 2026-05-30 09:20:00+00:00, run_after=2026-05-30 09:25:00+00:00
[2026-05-30T09:22:00.242+0000] {processor.py:183} INFO - Processing /opt/airflow/dags/dag_pipeline.py took 0.168 seconds
[2026-05-30T09:22:30.333+0000] {processor.py:161} INFO - Started process (PID=1227) to work on /opt/airflow/dags/dag_pipeline.py
[2026-05-30T09:22:30.334+0000] {processor.py:830} INFO - Processing file /opt/airflow/dags/dag_pipeline.py for tasks to queue
[2026-05-30T09:22:30.337+0000] {logging_mixin.py:188} INFO - [2026-05-30T09:22:30.336+0000] {dagbag.py:545} INFO - Filling up the DagBag from /opt/airflow/dags/dag_pipeline.py
[2026-05-30T09:22:30.361+0000] {processor.py:840} INFO - DAG(s) 'lyonflow_traffic_pipeline' retrieved from /opt/airflow/dags/dag_pipeline.py
[2026-05-30T09:22:30.400+0000] {logging_mixin.py:188} INFO - [2026-05-30T09:22:30.400+0000] {dag.py:3096} INFO - Sync 1 DAGs
[2026-05-30T09:22:30.432+0000] {logging_mixin.py:188} INFO - [2026-05-30T09:22:30.431+0000] {dag.py:3954} INFO - Setting next_dagrun for lyonflow_traffic_pipeline to 2026-05-30 09:20:00+00:00, run_after=2026-05-30 09:25:00+00:00
[2026-05-30T09:22:30.461+0000] {processor.py:183} INFO - Processing /opt/airflow/dags/dag_pipeline.py took 0.137 seconds
[2026-05-30T09:23:00.701+0000] {processor.py:161} INFO - Started process (PID=1232) to work on /opt/airflow/dags/dag_pipeline.py
[2026-05-30T09:23:00.702+0000] {processor.py:830} INFO - Processing file /opt/airflow/dags/dag_pipeline.py for tasks to queue
[2026-05-30T09:23:00.704+0000] {logging_mixin.py:188} INFO - [2026-05-30T09:23:00.704+0000] {dagbag.py:545} INFO - Filling up the DagBag from /opt/airflow/dags/dag_pipeline.py
[2026-05-30T09:23:00.723+0000] {processor.py:840} INFO - DAG(s) 'lyonflow_traffic_pipeline' retrieved from /opt/airflow/dags/dag_pipeline.py
[2026-05-30T09:23:00.761+0000] {logging_mixin.py:188} INFO - [2026-05-30T09:23:00.761+0000] {dag.py:3096} INFO - Sync 1 DAGs
[2026-05-30T09:23:00.797+0000] {logging_mixin.py:188} INFO - [2026-05-30T09:23:00.796+0000] {dag.py:3954} INFO - Setting next_dagrun for lyonflow_traffic_pipeline to 2026-05-30 09:20:00+00:00, run_after=2026-05-30 09:25:00+00:00
[2026-05-30T09:23:00.828+0000] {processor.py:183} INFO - Processing /opt/airflow/dags/dag_pipeline.py took 0.136 seconds
[2026-05-30T09:23:30.946+0000] {processor.py:161} INFO - Started process (PID=1237) to work on /opt/airflow/dags/dag_pipeline.py
[2026-05-30T09:23:30.947+0000] {processor.py:830} INFO - Processing file /opt/airflow/dags/dag_pipeline.py for tasks to queue
[2026-05-30T09:23:30.950+0000] {logging_mixin.py:188} INFO - [2026-05-30T09:23:30.949+0000] {dagbag.py:545} INFO - Filling up the DagBag from /opt/airflow/dags/dag_pipeline.py
[2026-05-30T09:23:30.968+0000] {processor.py:840} INFO - DAG(s) 'lyonflow_traffic_pipeline' retrieved from /opt/airflow/dags/dag_pipeline.py
[2026-05-30T09:23:31.006+0000] {logging_mixin.py:188} INFO - [2026-05-30T09:23:31.006+0000] {dag.py:3096} INFO - Sync 1 DAGs
[2026-05-30T09:23:31.036+0000] {logging_mixin.py:188} INFO - [2026-05-30T09:23:31.036+0000] {dag.py:3954} INFO - Setting next_dagrun for lyonflow_traffic_pipeline to 2026-05-30 09:20:00+00:00, run_after=2026-05-30 09:25:00+00:00
[2026-05-30T09:23:31.066+0000] {processor.py:183} INFO - Processing /opt/airflow/dags/dag_pipeline.py took 0.129 seconds
[2026-05-30T09:24:01.339+0000] {processor.py:161} INFO - Started process (PID=1242) to work on /opt/airflow/dags/dag_pipeline.py
[2026-05-30T09:24:01.340+0000] {processor.py:830} INFO - Processing file /opt/airflow/dags/dag_pipeline.py for tasks to queue
[2026-05-30T09:24:01.343+0000] {logging_mixin.py:188} INFO - [2026-05-30T09:24:01.342+0000] {dagbag.py:545} INFO - Filling up the DagBag from /opt/airflow/dags/dag_pipeline.py
[2026-05-30T09:24:01.363+0000] {processor.py:840} INFO - DAG(s) 'lyonflow_traffic_pipeline' retrieved from /opt/airflow/dags/dag_pipeline.py
[2026-05-30T09:24:01.408+0000] {logging_mixin.py:188} INFO - [2026-05-30T09:24:01.408+0000] {dag.py:3096} INFO - Sync 1 DAGs
[2026-05-30T09:24:01.439+0000] {logging_mixin.py:188} INFO - [2026-05-30T09:24:01.438+0000] {dag.py:3954} INFO - Setting next_dagrun for lyonflow_traffic_pipeline to 2026-05-30 09:20:00+00:00, run_after=2026-05-30 09:25:00+00:00
[2026-05-30T09:24:01.464+0000] {processor.py:183} INFO - Processing /opt/airflow/dags/dag_pipeline.py took 0.133 seconds
[2026-05-30T09:24:31.559+0000] {processor.py:161} INFO - Started process (PID=1247) to work on /opt/airflow/dags/dag_pipeline.py
[2026-05-30T09:24:31.560+0000] {processor.py:830} INFO - Processing file /opt/airflow/dags/dag_pipeline.py for tasks to queue
[2026-05-30T09:24:31.562+0000] {logging_mixin.py:188} INFO - [2026-05-30T09:24:31.562+0000] {dagbag.py:545} INFO - Filling up the DagBag from /opt/airflow/dags/dag_pipeline.py
[2026-05-30T09:24:31.582+0000] {processor.py:840} INFO - DAG(s) 'lyonflow_traffic_pipeline' retrieved from /opt/airflow/dags/dag_pipeline.py
[2026-05-30T09:24:31.617+0000] {logging_mixin.py:188} INFO - [2026-05-30T09:24:31.617+0000] {dag.py:3096} INFO - Sync 1 DAGs
[2026-05-30T09:24:31.646+0000] {logging_mixin.py:188} INFO - [2026-05-30T09:24:31.646+0000] {dag.py:3954} INFO - Setting next_dagrun for lyonflow_traffic_pipeline to 2026-05-30 09:20:00+00:00, run_after=2026-05-30 09:25:00+00:00
[2026-05-30T09:24:31.671+0000] {processor.py:183} INFO - Processing /opt/airflow/dags/dag_pipeline.py took 0.119 seconds
[2026-05-30T09:25:01.904+0000] {processor.py:161} INFO - Started process (PID=1254) to work on /opt/airflow/dags/dag_pipeline.py
[2026-05-30T09:25:01.905+0000] {processor.py:830} INFO - Processing file /opt/airflow/dags/dag_pipeline.py for tasks to queue
[2026-05-30T09:25:01.908+0000] {logging_mixin.py:188} INFO - [2026-05-30T09:25:01.908+0000] {dagbag.py:545} INFO - Filling up the DagBag from /opt/airflow/dags/dag_pipeline.py
[2026-05-30T09:25:01.932+0000] {processor.py:840} INFO - DAG(s) 'lyonflow_traffic_pipeline' retrieved from /opt/airflow/dags/dag_pipeline.py
[2026-05-30T09:25:01.978+0000] {logging_mixin.py:188} INFO - [2026-05-30T09:25:01.977+0000] {dag.py:3096} INFO - Sync 1 DAGs
[2026-05-30T09:25:02.034+0000] {processor.py:183} INFO - Processing /opt/airflow/dags/dag_pipeline.py took 0.139 seconds
[2026-05-30T09:25:32.128+0000] {processor.py:161} INFO - Started process (PID=1262) to work on /opt/airflow/dags/dag_pipeline.py
[2026-05-30T09:25:32.129+0000] {processor.py:830} INFO - Processing file /opt/airflow/dags/dag_pipeline.py for tasks to queue
[2026-05-30T09:25:32.132+0000] {logging_mixin.py:188} INFO - [2026-05-30T09:25:32.131+0000] {dagbag.py:545} INFO - Filling up the DagBag from /opt/airflow/dags/dag_pipeline.py
[2026-05-30T09:25:32.155+0000] {processor.py:840} INFO - DAG(s) 'lyonflow_traffic_pipeline' retrieved from /opt/airflow/dags/dag_pipeline.py
[2026-05-30T09:25:32.195+0000] {logging_mixin.py:188} INFO - [2026-05-30T09:25:32.194+0000] {dag.py:3096} INFO - Sync 1 DAGs
[2026-05-30T09:25:32.246+0000] {processor.py:183} INFO - Processing /opt/airflow/dags/dag_pipeline.py took 0.128 seconds
[2026-05-30T09:25:51.425+0000] {processor.py:161} INFO - Started process (PID=1267) to work on /opt/airflow/dags/dag_pipeline.py
[2026-05-30T09:25:51.427+0000] {processor.py:830} INFO - Processing file /opt/airflow/dags/dag_pipeline.py for tasks to queue
[2026-05-30T09:25:51.430+0000] {logging_mixin.py:188} INFO - [2026-05-30T09:25:51.429+0000] {dagbag.py:545} INFO - Filling up the DagBag from /opt/airflow/dags/dag_pipeline.py
[2026-05-30T09:25:52.768+0000] {processor.py:840} INFO - DAG(s) 'lyonflow_traffic_pipeline' retrieved from /opt/airflow/dags/dag_pipeline.py
[2026-05-30T09:25:52.957+0000] {logging_mixin.py:188} INFO - [2026-05-30T09:25:52.956+0000] {dag.py:3096} INFO - Sync 1 DAGs
[2026-05-30T09:25:53.011+0000] {processor.py:183} INFO - Processing /opt/airflow/dags/dag_pipeline.py took 1.596 seconds
[2026-05-30T09:26:23.280+0000] {processor.py:161} INFO - Started process (PID=1273) to work on /opt/airflow/dags/dag_pipeline.py
[2026-05-30T09:26:23.282+0000] {processor.py:830} INFO - Processing file /opt/airflow/dags/dag_pipeline.py for tasks to queue
[2026-05-30T09:26:23.285+0000] {logging_mixin.py:188} INFO - [2026-05-30T09:26:23.284+0000] {dagbag.py:545} INFO - Filling up the DagBag from /opt/airflow/dags/dag_pipeline.py
[2026-05-30T09:26:23.995+0000] {processor.py:840} INFO - DAG(s) 'lyonflow_traffic_pipeline' retrieved from /opt/airflow/dags/dag_pipeline.py
[2026-05-30T09:26:24.029+0000] {logging_mixin.py:188} INFO - [2026-05-30T09:26:24.029+0000] {dag.py:3096} INFO - Sync 1 DAGs
[2026-05-30T09:26:24.080+0000] {processor.py:183} INFO - Processing /opt/airflow/dags/dag_pipeline.py took 0.812 seconds
[2026-05-30T09:26:54.339+0000] {processor.py:161} INFO - Started process (PID=1285) to work on /opt/airflow/dags/dag_pipeline.py
[2026-05-30T09:26:54.341+0000] {processor.py:830} INFO - Processing file /opt/airflow/dags/dag_pipeline.py for tasks to queue
[2026-05-30T09:26:54.343+0000] {logging_mixin.py:188} INFO - [2026-05-30T09:26:54.343+0000] {dagbag.py:545} INFO - Filling up the DagBag from /opt/airflow/dags/dag_pipeline.py
[2026-05-30T09:26:54.928+0000] {processor.py:840} INFO - DAG(s) 'lyonflow_traffic_pipeline' retrieved from /opt/airflow/dags/dag_pipeline.py
[2026-05-30T09:26:54.958+0000] {logging_mixin.py:188} INFO - [2026-05-30T09:26:54.957+0000] {dag.py:3096} INFO - Sync 1 DAGs
[2026-05-30T09:26:54.978+0000] {logging_mixin.py:188} INFO - [2026-05-30T09:26:54.978+0000] {dag.py:3954} INFO - Setting next_dagrun for lyonflow_traffic_pipeline to 2026-05-30 09:25:00+00:00, run_after=2026-05-30 09:30:00+00:00
[2026-05-30T09:26:54.999+0000] {processor.py:183} INFO - Processing /opt/airflow/dags/dag_pipeline.py took 0.674 seconds
[2026-05-30T09:27:25.068+0000] {processor.py:161} INFO - Started process (PID=1291) to work on /opt/airflow/dags/dag_pipeline.py
[2026-05-30T09:27:25.069+0000] {processor.py:830} INFO - Processing file /opt/airflow/dags/dag_pipeline.py for tasks to queue
[2026-05-30T09:27:25.071+0000] {logging_mixin.py:188} INFO - [2026-05-30T09:27:25.071+0000] {dagbag.py:545} INFO - Filling up the DagBag from /opt/airflow/dags/dag_pipeline.py
[2026-05-30T09:27:25.591+0000] {processor.py:840} INFO - DAG(s) 'lyonflow_traffic_pipeline' retrieved from /opt/airflow/dags/dag_pipeline.py
[2026-05-30T09:27:25.619+0000] {logging_mixin.py:188} INFO - [2026-05-30T09:27:25.619+0000] {dag.py:3096} INFO - Sync 1 DAGs
[2026-05-30T09:27:25.643+0000] {logging_mixin.py:188} INFO - [2026-05-30T09:27:25.642+0000] {dag.py:3954} INFO - Setting next_dagrun for lyonflow_traffic_pipeline to 2026-05-30 09:25:00+00:00, run_after=2026-05-30 09:30:00+00:00
[2026-05-30T09:27:25.667+0000] {processor.py:183} INFO - Processing /opt/airflow/dags/dag_pipeline.py took 0.607 seconds
[2026-05-30T09:27:55.919+0000] {processor.py:161} INFO - Started process (PID=1297) to work on /opt/airflow/dags/dag_pipeline.py
[2026-05-30T09:27:55.920+0000] {processor.py:830} INFO - Processing file /opt/airflow/dags/dag_pipeline.py for tasks to queue
[2026-05-30T09:27:55.922+0000] {logging_mixin.py:188} INFO - [2026-05-30T09:27:55.922+0000] {dagbag.py:545} INFO - Filling up the DagBag from /opt/airflow/dags/dag_pipeline.py
[2026-05-30T09:27:56.435+0000] {processor.py:840} INFO - DAG(s) 'lyonflow_traffic_pipeline' retrieved from /opt/airflow/dags/dag_pipeline.py
[2026-05-30T09:27:56.464+0000] {logging_mixin.py:188} INFO - [2026-05-30T09:27:56.462+0000] {dag.py:3096} INFO - Sync 1 DAGs
[2026-05-30T09:27:56.486+0000] {logging_mixin.py:188} INFO - [2026-05-30T09:27:56.486+0000] {dag.py:3954} INFO - Setting next_dagrun for lyonflow_traffic_pipeline to 2026-05-30 09:25:00+00:00, run_after=2026-05-30 09:30:00+00:00
[2026-05-30T09:27:56.507+0000] {processor.py:183} INFO - Processing /opt/airflow/dags/dag_pipeline.py took 0.596 seconds
[2026-05-30T09:28:26.690+0000] {processor.py:161} INFO - Started process (PID=1303) to work on /opt/airflow/dags/dag_pipeline.py
[2026-05-30T09:28:26.691+0000] {processor.py:830} INFO - Processing file /opt/airflow/dags/dag_pipeline.py for tasks to queue
[2026-05-30T09:28:26.694+0000] {logging_mixin.py:188} INFO - [2026-05-30T09:28:26.693+0000] {dagbag.py:545} INFO - Filling up the DagBag from /opt/airflow/dags/dag_pipeline.py
[2026-05-30T09:28:27.275+0000] {processor.py:840} INFO - DAG(s) 'lyonflow_traffic_pipeline' retrieved from /opt/airflow/dags/dag_pipeline.py
[2026-05-30T09:28:27.302+0000] {logging_mixin.py:188} INFO - [2026-05-30T09:28:27.302+0000] {dag.py:3096} INFO - Sync 1 DAGs
[2026-05-30T09:28:27.324+0000] {logging_mixin.py:188} INFO - [2026-05-30T09:28:27.324+0000] {dag.py:3954} INFO - Setting next_dagrun for lyonflow_traffic_pipeline to 2026-05-30 09:25:00+00:00, run_after=2026-05-30 09:30:00+00:00
[2026-05-30T09:28:27.346+0000] {processor.py:183} INFO - Processing /opt/airflow/dags/dag_pipeline.py took 0.666 seconds
[2026-05-30T09:28:57.600+0000] {processor.py:161} INFO - Started process (PID=1315) to work on /opt/airflow/dags/dag_pipeline.py
[2026-05-30T09:28:57.602+0000] {processor.py:830} INFO - Processing file /opt/airflow/dags/dag_pipeline.py for tasks to queue
[2026-05-30T09:28:57.606+0000] {logging_mixin.py:188} INFO - [2026-05-30T09:28:57.605+0000] {dagbag.py:545} INFO - Filling up the DagBag from /opt/airflow/dags/dag_pipeline.py
[2026-05-30T09:28:58.115+0000] {processor.py:840} INFO - DAG(s) 'lyonflow_traffic_pipeline' retrieved from /opt/airflow/dags/dag_pipeline.py
[2026-05-30T09:28:58.146+0000] {logging_mixin.py:188} INFO - [2026-05-30T09:28:58.145+0000] {dag.py:3096} INFO - Sync 1 DAGs
[2026-05-30T09:28:58.166+0000] {logging_mixin.py:188} INFO - [2026-05-30T09:28:58.166+0000] {dag.py:3954} INFO - Setting next_dagrun for lyonflow_traffic_pipeline to 2026-05-30 09:25:00+00:00, run_after=2026-05-30 09:30:00+00:00
[2026-05-30T09:28:58.189+0000] {processor.py:183} INFO - Processing /opt/airflow/dags/dag_pipeline.py took 0.599 seconds
[2026-05-30T09:29:28.503+0000] {processor.py:161} INFO - Started process (PID=1327) to work on /opt/airflow/dags/dag_pipeline.py
[2026-05-30T09:29:28.507+0000] {processor.py:830} INFO - Processing file /opt/airflow/dags/dag_pipeline.py for tasks to queue
[2026-05-30T09:29:28.516+0000] {logging_mixin.py:188} INFO - [2026-05-30T09:29:28.513+0000] {dagbag.py:545} INFO - Filling up the DagBag from /opt/airflow/dags/dag_pipeline.py
[2026-05-30T09:29:29.591+0000] {processor.py:840} INFO - DAG(s) 'lyonflow_traffic_pipeline' retrieved from /opt/airflow/dags/dag_pipeline.py
[2026-05-30T09:29:29.624+0000] {logging_mixin.py:188} INFO - [2026-05-30T09:29:29.623+0000] {dag.py:3096} INFO - Sync 1 DAGs
[2026-05-30T09:29:29.663+0000] {logging_mixin.py:188} INFO - [2026-05-30T09:29:29.663+0000] {dag.py:3954} INFO - Setting next_dagrun for lyonflow_traffic_pipeline to 2026-05-30 09:25:00+00:00, run_after=2026-05-30 09:30:00+00:00
[2026-05-30T09:29:29.694+0000] {processor.py:183} INFO - Processing /opt/airflow/dags/dag_pipeline.py took 1.222 seconds
[2026-05-30T09:29:59.963+0000] {processor.py:161} INFO - Started process (PID=1355) to work on /opt/airflow/dags/dag_pipeline.py
[2026-05-30T09:29:59.965+0000] {processor.py:830} INFO - Processing file /opt/airflow/dags/dag_pipeline.py for tasks to queue
[2026-05-30T09:29:59.967+0000] {logging_mixin.py:188} INFO - [2026-05-30T09:29:59.967+0000] {dagbag.py:545} INFO - Filling up the DagBag from /opt/airflow/dags/dag_pipeline.py
[2026-05-30T09:30:00.666+0000] {processor.py:840} INFO - DAG(s) 'lyonflow_traffic_pipeline' retrieved from /opt/airflow/dags/dag_pipeline.py
[2026-05-30T09:30:00.715+0000] {logging_mixin.py:188} INFO - [2026-05-30T09:30:00.712+0000] {dag.py:3096} INFO - Sync 1 DAGs
[2026-05-30T09:30:00.771+0000] {processor.py:183} INFO - Processing /opt/airflow/dags/dag_pipeline.py took 0.818 seconds
[2026-05-30T09:30:30.910+0000] {processor.py:161} INFO - Started process (PID=1389) to work on /opt/airflow/dags/dag_pipeline.py
[2026-05-30T09:30:30.912+0000] {processor.py:830} INFO - Processing file /opt/airflow/dags/dag_pipeline.py for tasks to queue
[2026-05-30T09:30:30.915+0000] {logging_mixin.py:188} INFO - [2026-05-30T09:30:30.915+0000] {dagbag.py:545} INFO - Filling up the DagBag from /opt/airflow/dags/dag_pipeline.py
[2026-05-30T09:30:31.743+0000] {processor.py:840} INFO - DAG(s) 'lyonflow_traffic_pipeline' retrieved from /opt/airflow/dags/dag_pipeline.py
[2026-05-30T09:30:31.779+0000] {logging_mixin.py:188} INFO - [2026-05-30T09:30:31.778+0000] {dag.py:3096} INFO - Sync 1 DAGs
[2026-05-30T09:30:31.831+0000] {processor.py:183} INFO - Processing /opt/airflow/dags/dag_pipeline.py took 0.938 seconds
[2026-05-30T09:31:02.092+0000] {processor.py:161} INFO - Started process (PID=1401) to work on /opt/airflow/dags/dag_pipeline.py
[2026-05-30T09:31:02.093+0000] {processor.py:830} INFO - Processing file /opt/airflow/dags/dag_pipeline.py for tasks to queue
[2026-05-30T09:31:02.095+0000] {logging_mixin.py:188} INFO - [2026-05-30T09:31:02.095+0000] {dagbag.py:545} INFO - Filling up the DagBag from /opt/airflow/dags/dag_pipeline.py
[2026-05-30T09:31:02.719+0000] {processor.py:840} INFO - DAG(s) 'lyonflow_traffic_pipeline' retrieved from /opt/airflow/dags/dag_pipeline.py
[2026-05-30T09:31:02.752+0000] {logging_mixin.py:188} INFO - [2026-05-30T09:31:02.752+0000] {dag.py:3096} INFO - Sync 1 DAGs
[2026-05-30T09:31:02.803+0000] {processor.py:183} INFO - Processing /opt/airflow/dags/dag_pipeline.py took 0.720 seconds
[2026-05-30T09:31:33.081+0000] {processor.py:161} INFO - Started process (PID=1423) to work on /opt/airflow/dags/dag_pipeline.py
[2026-05-30T09:31:33.082+0000] {processor.py:830} INFO - Processing file /opt/airflow/dags/dag_pipeline.py for tasks to queue
[2026-05-30T09:31:33.086+0000] {logging_mixin.py:188} INFO - [2026-05-30T09:31:33.085+0000] {dagbag.py:545} INFO - Filling up the DagBag from /opt/airflow/dags/dag_pipeline.py
[2026-05-30T09:31:33.715+0000] {processor.py:840} INFO - DAG(s) 'lyonflow_traffic_pipeline' retrieved from /opt/airflow/dags/dag_pipeline.py
[2026-05-30T09:31:33.745+0000] {logging_mixin.py:188} INFO - [2026-05-30T09:31:33.744+0000] {dag.py:3096} INFO - Sync 1 DAGs
[2026-05-30T09:31:33.788+0000] {processor.py:183} INFO - Processing /opt/airflow/dags/dag_pipeline.py took 0.720 seconds
[2026-05-30T09:32:04.026+0000] {processor.py:161} INFO - Started process (PID=1450) to work on /opt/airflow/dags/dag_pipeline.py
[2026-05-30T09:32:04.027+0000] {processor.py:830} INFO - Processing file /opt/airflow/dags/dag_pipeline.py for tasks to queue
[2026-05-30T09:32:04.030+0000] {logging_mixin.py:188} INFO - [2026-05-30T09:32:04.029+0000] {dagbag.py:545} INFO - Filling up the DagBag from /opt/airflow/dags/dag_pipeline.py
[2026-05-30T09:32:04.675+0000] {processor.py:840} INFO - DAG(s) 'lyonflow_traffic_pipeline' retrieved from /opt/airflow/dags/dag_pipeline.py
[2026-05-30T09:32:04.708+0000] {logging_mixin.py:188} INFO - [2026-05-30T09:32:04.707+0000] {dag.py:3096} INFO - Sync 1 DAGs
[2026-05-30T09:32:04.738+0000] {logging_mixin.py:188} INFO - [2026-05-30T09:32:04.738+0000] {dag.py:3954} INFO - Setting next_dagrun for lyonflow_traffic_pipeline to 2026-05-30 09:30:00+00:00, run_after=2026-05-30 09:35:00+00:00
[2026-05-30T09:32:04.763+0000] {processor.py:183} INFO - Processing /opt/airflow/dags/dag_pipeline.py took 0.747 seconds
[2026-05-30T09:32:35.023+0000] {processor.py:161} INFO - Started process (PID=1457) to work on /opt/airflow/dags/dag_pipeline.py
[2026-05-30T09:32:35.025+0000] {processor.py:830} INFO - Processing file /opt/airflow/dags/dag_pipeline.py for tasks to queue
[2026-05-30T09:32:35.028+0000] {logging_mixin.py:188} INFO - [2026-05-30T09:32:35.027+0000] {dagbag.py:545} INFO - Filling up the DagBag from /opt/airflow/dags/dag_pipeline.py
[2026-05-30T09:32:35.590+0000] {processor.py:840} INFO - DAG(s) 'lyonflow_traffic_pipeline' retrieved from /opt/airflow/dags/dag_pipeline.py
[2026-05-30T09:32:35.619+0000] {logging_mixin.py:188} INFO - [2026-05-30T09:32:35.619+0000] {dag.py:3096} INFO - Sync 1 DAGs
[2026-05-30T09:32:35.643+0000] {logging_mixin.py:188} INFO - [2026-05-30T09:32:35.642+0000] {dag.py:3954} INFO - Setting next_dagrun for lyonflow_traffic_pipeline to 2026-05-30 09:30:00+00:00, run_after=2026-05-30 09:35:00+00:00
[2026-05-30T09:32:35.672+0000] {processor.py:183} INFO - Processing /opt/airflow/dags/dag_pipeline.py took 0.657 seconds
[2026-05-30T09:33:05.938+0000] {processor.py:161} INFO - Started process (PID=1491) to work on /opt/airflow/dags/dag_pipeline.py
[2026-05-30T09:33:05.939+0000] {processor.py:830} INFO - Processing file /opt/airflow/dags/dag_pipeline.py for tasks to queue
[2026-05-30T09:33:05.941+0000] {logging_mixin.py:188} INFO - [2026-05-30T09:33:05.940+0000] {dagbag.py:545} INFO - Filling up the DagBag from /opt/airflow/dags/dag_pipeline.py
[2026-05-30T09:33:06.462+0000] {processor.py:840} INFO - DAG(s) 'lyonflow_traffic_pipeline' retrieved from /opt/airflow/dags/dag_pipeline.py
[2026-05-30T09:33:06.492+0000] {logging_mixin.py:188} INFO - [2026-05-30T09:33:06.492+0000] {dag.py:3096} INFO - Sync 1 DAGs
[2026-05-30T09:33:06.520+0000] {logging_mixin.py:188} INFO - [2026-05-30T09:33:06.519+0000] {dag.py:3954} INFO - Setting next_dagrun for lyonflow_traffic_pipeline to 2026-05-30 09:30:00+00:00, run_after=2026-05-30 09:35:00+00:00
[2026-05-30T09:33:06.544+0000] {processor.py:183} INFO - Processing /opt/airflow/dags/dag_pipeline.py took 0.614 seconds
[2026-05-30T09:33:36.839+0000] {processor.py:161} INFO - Started process (PID=1519) to work on /opt/airflow/dags/dag_pipeline.py
[2026-05-30T09:33:36.840+0000] {processor.py:830} INFO - Processing file /opt/airflow/dags/dag_pipeline.py for tasks to queue
[2026-05-30T09:33:36.842+0000] {logging_mixin.py:188} INFO - [2026-05-30T09:33:36.841+0000] {dagbag.py:545} INFO - Filling up the DagBag from /opt/airflow/dags/dag_pipeline.py
[2026-05-30T09:33:37.348+0000] {processor.py:840} INFO - DAG(s) 'lyonflow_traffic_pipeline' retrieved from /opt/airflow/dags/dag_pipeline.py
[2026-05-30T09:33:37.376+0000] {logging_mixin.py:188} INFO - [2026-05-30T09:33:37.375+0000] {dag.py:3096} INFO - Sync 1 DAGs
[2026-05-30T09:33:37.397+0000] {logging_mixin.py:188} INFO - [2026-05-30T09:33:37.397+0000] {dag.py:3954} INFO - Setting next_dagrun for lyonflow_traffic_pipeline to 2026-05-30 09:30:00+00:00, run_after=2026-05-30 09:35:00+00:00
[2026-05-30T09:33:37.419+0000] {processor.py:183} INFO - Processing /opt/airflow/dags/dag_pipeline.py took 0.588 seconds
[2026-05-30T09:34:07.643+0000] {processor.py:161} INFO - Started process (PID=1547) to work on /opt/airflow/dags/dag_pipeline.py
[2026-05-30T09:34:07.644+0000] {processor.py:830} INFO - Processing file /opt/airflow/dags/dag_pipeline.py for tasks to queue
[2026-05-30T09:34:07.647+0000] {logging_mixin.py:188} INFO - [2026-05-30T09:34:07.647+0000] {dagbag.py:545} INFO - Filling up the DagBag from /opt/airflow/dags/dag_pipeline.py
[2026-05-30T09:34:08.235+0000] {processor.py:840} INFO - DAG(s) 'lyonflow_traffic_pipeline' retrieved from /opt/airflow/dags/dag_pipeline.py
[2026-05-30T09:34:08.266+0000] {logging_mixin.py:188} INFO - [2026-05-30T09:34:08.266+0000] {dag.py:3096} INFO - Sync 1 DAGs
[2026-05-30T09:34:08.294+0000] {logging_mixin.py:188} INFO - [2026-05-30T09:34:08.294+0000] {dag.py:3954} INFO - Setting next_dagrun for lyonflow_traffic_pipeline to 2026-05-30 09:30:00+00:00, run_after=2026-05-30 09:35:00+00:00
[2026-05-30T09:34:08.318+0000] {processor.py:183} INFO - Processing /opt/airflow/dags/dag_pipeline.py took 0.684 seconds
[2026-05-30T09:34:38.578+0000] {processor.py:161} INFO - Started process (PID=1597) to work on /opt/airflow/dags/dag_pipeline.py
[2026-05-30T09:34:38.579+0000] {processor.py:830} INFO - Processing file /opt/airflow/dags/dag_pipeline.py for tasks to queue
[2026-05-30T09:34:38.582+0000] {logging_mixin.py:188} INFO - [2026-05-30T09:34:38.581+0000] {dagbag.py:545} INFO - Filling up the DagBag from /opt/airflow/dags/dag_pipeline.py
[2026-05-30T09:34:39.180+0000] {processor.py:840} INFO - DAG(s) 'lyonflow_traffic_pipeline' retrieved from /opt/airflow/dags/dag_pipeline.py
[2026-05-30T09:34:39.208+0000] {logging_mixin.py:188} INFO - [2026-05-30T09:34:39.208+0000] {dag.py:3096} INFO - Sync 1 DAGs
[2026-05-30T09:34:39.233+0000] {logging_mixin.py:188} INFO - [2026-05-30T09:34:39.232+0000] {dag.py:3954} INFO - Setting next_dagrun for lyonflow_traffic_pipeline to 2026-05-30 09:30:00+00:00, run_after=2026-05-30 09:35:00+00:00
[2026-05-30T09:34:39.255+0000] {processor.py:183} INFO - Processing /opt/airflow/dags/dag_pipeline.py took 0.687 seconds
[2026-05-30T09:35:09.509+0000] {processor.py:161} INFO - Started process (PID=1631) to work on /opt/airflow/dags/dag_pipeline.py
[2026-05-30T09:35:09.510+0000] {processor.py:830} INFO - Processing file /opt/airflow/dags/dag_pipeline.py for tasks to queue
[2026-05-30T09:35:09.514+0000] {logging_mixin.py:188} INFO - [2026-05-30T09:35:09.513+0000] {dagbag.py:545} INFO - Filling up the DagBag from /opt/airflow/dags/dag_pipeline.py
[2026-05-30T09:35:10.094+0000] {processor.py:840} INFO - DAG(s) 'lyonflow_traffic_pipeline' retrieved from /opt/airflow/dags/dag_pipeline.py
[2026-05-30T09:35:10.129+0000] {logging_mixin.py:188} INFO - [2026-05-30T09:35:10.128+0000] {dag.py:3096} INFO - Sync 1 DAGs
[2026-05-30T09:35:10.171+0000] {processor.py:183} INFO - Processing /opt/airflow/dags/dag_pipeline.py took 0.673 seconds
[2026-05-30T09:35:40.246+0000] {processor.py:161} INFO - Started process (PID=1659) to work on /opt/airflow/dags/dag_pipeline.py
[2026-05-30T09:35:40.248+0000] {processor.py:830} INFO - Processing file /opt/airflow/dags/dag_pipeline.py for tasks to queue
[2026-05-30T09:35:40.251+0000] {logging_mixin.py:188} INFO - [2026-05-30T09:35:40.250+0000] {dagbag.py:545} INFO - Filling up the DagBag from /opt/airflow/dags/dag_pipeline.py
[2026-05-30T09:35:40.975+0000] {processor.py:840} INFO - DAG(s) 'lyonflow_traffic_pipeline' retrieved from /opt/airflow/dags/dag_pipeline.py
[2026-05-30T09:35:41.017+0000] {logging_mixin.py:188} INFO - [2026-05-30T09:35:41.016+0000] {dag.py:3096} INFO - Sync 1 DAGs
[2026-05-30T09:35:41.074+0000] {processor.py:183} INFO - Processing /opt/airflow/dags/dag_pipeline.py took 0.839 seconds
[2026-05-30T09:36:11.356+0000] {processor.py:161} INFO - Started process (PID=1665) to work on /opt/airflow/dags/dag_pipeline.py
[2026-05-30T09:36:11.357+0000] {processor.py:830} INFO - Processing file /opt/airflow/dags/dag_pipeline.py for tasks to queue
[2026-05-30T09:36:11.359+0000] {logging_mixin.py:188} INFO - [2026-05-30T09:36:11.358+0000] {dagbag.py:545} INFO - Filling up the DagBag from /opt/airflow/dags/dag_pipeline.py
[2026-05-30T09:36:11.924+0000] {processor.py:840} INFO - DAG(s) 'lyonflow_traffic_pipeline' retrieved from /opt/airflow/dags/dag_pipeline.py
[2026-05-30T09:36:11.954+0000] {logging_mixin.py:188} INFO - [2026-05-30T09:36:11.953+0000] {dag.py:3096} INFO - Sync 1 DAGs
[2026-05-30T09:36:12.007+0000] {processor.py:183} INFO - Processing /opt/airflow/dags/dag_pipeline.py took 0.659 seconds
[2026-05-30T09:36:42.247+0000] {processor.py:161} INFO - Started process (PID=1671) to work on /opt/airflow/dags/dag_pipeline.py
[2026-05-30T09:36:42.248+0000] {processor.py:830} INFO - Processing file /opt/airflow/dags/dag_pipeline.py for tasks to queue
[2026-05-30T09:36:42.250+0000] {logging_mixin.py:188} INFO - [2026-05-30T09:36:42.250+0000] {dagbag.py:545} INFO - Filling up the DagBag from /opt/airflow/dags/dag_pipeline.py
[2026-05-30T09:36:42.818+0000] {processor.py:840} INFO - DAG(s) 'lyonflow_traffic_pipeline' retrieved from /opt/airflow/dags/dag_pipeline.py
[2026-05-30T09:36:42.851+0000] {logging_mixin.py:188} INFO - [2026-05-30T09:36:42.850+0000] {dag.py:3096} INFO - Sync 1 DAGs
[2026-05-30T09:36:42.897+0000] {processor.py:183} INFO - Processing /opt/airflow/dags/dag_pipeline.py took 0.657 seconds
[2026-05-30T09:37:12.994+0000] {processor.py:161} INFO - Started process (PID=1677) to work on /opt/airflow/dags/dag_pipeline.py
[2026-05-30T09:37:12.995+0000] {processor.py:830} INFO - Processing file /opt/airflow/dags/dag_pipeline.py for tasks to queue
[2026-05-30T09:37:12.997+0000] {logging_mixin.py:188} INFO - [2026-05-30T09:37:12.997+0000] {dagbag.py:545} INFO - Filling up the DagBag from /opt/airflow/dags/dag_pipeline.py
[2026-05-30T09:37:13.556+0000] {processor.py:840} INFO - DAG(s) 'lyonflow_traffic_pipeline' retrieved from /opt/airflow/dags/dag_pipeline.py
[2026-05-30T09:37:13.584+0000] {logging_mixin.py:188} INFO - [2026-05-30T09:37:13.583+0000] {dag.py:3096} INFO - Sync 1 DAGs
[2026-05-30T09:37:13.606+0000] {logging_mixin.py:188} INFO - [2026-05-30T09:37:13.606+0000] {dag.py:3954} INFO - Setting next_dagrun for lyonflow_traffic_pipeline to 2026-05-30 09:35:00+00:00, run_after=2026-05-30 09:40:00+00:00
[2026-05-30T09:37:13.628+0000] {processor.py:183} INFO - Processing /opt/airflow/dags/dag_pipeline.py took 0.644 seconds
[2026-05-30T09:37:43.875+0000] {processor.py:161} INFO - Started process (PID=1683) to work on /opt/airflow/dags/dag_pipeline.py
[2026-05-30T09:37:43.876+0000] {processor.py:830} INFO - Processing file /opt/airflow/dags/dag_pipeline.py for tasks to queue
[2026-05-30T09:37:43.879+0000] {logging_mixin.py:188} INFO - [2026-05-30T09:37:43.878+0000] {dagbag.py:545} INFO - Filling up the DagBag from /opt/airflow/dags/dag_pipeline.py
[2026-05-30T09:37:44.506+0000] {processor.py:840} INFO - DAG(s) 'lyonflow_traffic_pipeline' retrieved from /opt/airflow/dags/dag_pipeline.py
[2026-05-30T09:37:44.538+0000] {logging_mixin.py:188} INFO - [2026-05-30T09:37:44.537+0000] {dag.py:3096} INFO - Sync 1 DAGs
[2026-05-30T09:37:44.566+0000] {logging_mixin.py:188} INFO - [2026-05-30T09:37:44.566+0000] {dag.py:3954} INFO - Setting next_dagrun for lyonflow_traffic_pipeline to 2026-05-30 09:35:00+00:00, run_after=2026-05-30 09:40:00+00:00
[2026-05-30T09:37:44.592+0000] {processor.py:183} INFO - Processing /opt/airflow/dags/dag_pipeline.py took 0.726 seconds
[2026-05-30T09:38:14.836+0000] {processor.py:161} INFO - Started process (PID=1689) to work on /opt/airflow/dags/dag_pipeline.py
[2026-05-30T09:38:14.838+0000] {processor.py:830} INFO - Processing file /opt/airflow/dags/dag_pipeline.py for tasks to queue
[2026-05-30T09:38:14.840+0000] {logging_mixin.py:188} INFO - [2026-05-30T09:38:14.840+0000] {dagbag.py:545} INFO - Filling up the DagBag from /opt/airflow/dags/dag_pipeline.py
[2026-05-30T09:38:15.385+0000] {processor.py:840} INFO - DAG(s) 'lyonflow_traffic_pipeline' retrieved from /opt/airflow/dags/dag_pipeline.py
[2026-05-30T09:38:15.415+0000] {logging_mixin.py:188} INFO - [2026-05-30T09:38:15.414+0000] {dag.py:3096} INFO - Sync 1 DAGs
[2026-05-30T09:38:15.438+0000] {logging_mixin.py:188} INFO - [2026-05-30T09:38:15.438+0000] {dag.py:3954} INFO - Setting next_dagrun for lyonflow_traffic_pipeline to 2026-05-30 09:35:00+00:00, run_after=2026-05-30 09:40:00+00:00
[2026-05-30T09:38:15.462+0000] {processor.py:183} INFO - Processing /opt/airflow/dags/dag_pipeline.py took 0.635 seconds
[2026-05-30T09:38:45.726+0000] {processor.py:161} INFO - Started process (PID=1695) to work on /opt/airflow/dags/dag_pipeline.py
[2026-05-30T09:38:45.727+0000] {processor.py:830} INFO - Processing file /opt/airflow/dags/dag_pipeline.py for tasks to queue
[2026-05-30T09:38:45.730+0000] {logging_mixin.py:188} INFO - [2026-05-30T09:38:45.729+0000] {dagbag.py:545} INFO - Filling up the DagBag from /opt/airflow/dags/dag_pipeline.py
[2026-05-30T09:38:46.345+0000] {processor.py:840} INFO - DAG(s) 'lyonflow_traffic_pipeline' retrieved from /opt/airflow/dags/dag_pipeline.py
[2026-05-30T09:38:46.379+0000] {logging_mixin.py:188} INFO - [2026-05-30T09:38:46.378+0000] {dag.py:3096} INFO - Sync 1 DAGs
[2026-05-30T09:38:46.407+0000] {logging_mixin.py:188} INFO - [2026-05-30T09:38:46.406+0000] {dag.py:3954} INFO - Setting next_dagrun for lyonflow_traffic_pipeline to 2026-05-30 09:35:00+00:00, run_after=2026-05-30 09:40:00+00:00
[2026-05-30T09:38:46.432+0000] {processor.py:183} INFO - Processing /opt/airflow/dags/dag_pipeline.py took 0.715 seconds
